seed,scenario,method_family,method_label,mean_error_m,median_error_m,p90_error_m,zone_accuracy,failure_rate,trajectory_smoothness_m_per_step
101,s1_clean,adaptive,adaptive_fusion,0.4690428504901469,0.4202120253923578,0.7889094314575232,0.93,0.0,0.435779147714454
101,s1_clean,baseline,static_fusion,0.4690428504901469,0.4202120253923578,0.7889094314575232,0.93,0.0,0.435779147714454
101,s1_clean,baseline,vlp_only,0.4690428504901469,0.4202120253923578,0.7889094314575232,0.93,0.0,0.435779147714454
101,s1_clean,baseline,wifi_only,1.1311407083227163,1.0004566227023504,2.193678333715293,0.5,0.12,1.5746512894082505
101,s1_clean,dsp_static,static_fusion_ema,0.6268467630001932,0.5828152954912282,1.0321750398588414,0.88,0.0,0.3953751073104136
101,s1_clean,dsp_static,static_fusion_median,0.6526687510260147,0.6303585907519711,1.0746505646501503,0.88,0.0,0.3692560523848893
101,s1_clean,dsp_static,static_fusion_moving_average,0.6230539943467651,0.6092486432801935,0.975919034021518,0.9,0.0,0.3608881016298773
101,s1_clean,dsp_static,static_fusion_raw,0.4690428504901469,0.4202120253923578,0.7889094314575232,0.93,0.0,0.435779147714454
101,s1_clean,gsp_expected,graph_diffusion_1,0.5551095637089176,0.5173725502090365,0.896655081560133,0.95,0.0,0.6987029495253273
101,s1_clean,gsp_expected,graph_diffusion_3,0.557208364471342,0.51229085140221,0.9071077168515254,0.95,0.0,0.6842910729787763
101,s1_clean,gsp_expected,laplacian,0.55494920897139,0.5186184423719533,0.891915102276115,0.95,0.0,0.6972870476398288
101,s1_clean,gsp_expected,static_raw,0.5548563853086468,0.5070513914939934,0.9061772407969704,0.95,0.0,0.7072379785115136
101,s2_wifi_degraded,adaptive,adaptive_fusion,0.4749042209216396,0.4364158948027666,0.7242944988915149,0.94,0.01,0.5224103721845699
101,s2_wifi_degraded,baseline,static_fusion,0.4747966065737546,0.4312906007852563,0.7324910383168469,0.93,0.01,0.5366953576630861
101,s2_wifi_degraded,baseline,vlp_only,0.4724528817265758,0.4312906007852563,0.7242944988915149,0.94,0.01,0.5224103721845699
101,s2_wifi_degraded,baseline,wifi_only,1.929290468176007,1.5485600049459367,4.276704392001073,0.36,0.38,2.8083561776850687
101,s2_wifi_degraded,dsp_static,static_fusion_ema,0.6087626727546912,0.5696597473325836,0.9633085241471312,0.91,0.0,0.3953751073104136
101,s2_wifi_degraded,dsp_static,static_fusion_median,0.6726446606988421,0.6535809341615177,1.1139587586508326,0.87,0.0,0.3876586222346539
101,s2_wifi_degraded,dsp_static,static_fusion_moving_average,0.6553922988036847,0.6303585907519711,1.0765016577794329,0.87,0.0,0.3608881016298773
101,s2_wifi_degraded,dsp_static,static_fusion_raw,0.4747966065737546,0.4312906007852563,0.7324910383168469,0.93,0.01,0.5366953576630861
101,s2_wifi_degraded,gsp_expected,graph_diffusion_1,0.9414527697176038,0.7520983353027862,1.8247088035559444,0.65,0.09,1.3138266220942514
101,s2_wifi_degraded,gsp_expected,graph_diffusion_3,0.9269029862755602,0.7390063194323236,1.7616641584106438,0.65,0.09,1.271895281688483
101,s2_wifi_degraded,gsp_expected,laplacian,0.9436130968875328,0.7563604739728603,1.8402776168960024,0.65,0.09,1.3151928356756557
101,s2_wifi_degraded,gsp_expected,static_raw,0.9509205788437026,0.7552568053135318,1.8587087851457316,0.65,0.09,1.338474907249358
101,s3_vlp_blocked,adaptive,adaptive_fusion,0.7920870602466329,0.5205477511456025,1.6779166312889475,0.76,0.09,0.734646536117963
101,s3_vlp_blocked,baseline,static_fusion,1.1517575853600277,0.5853322379312014,2.87617496474118,0.65,0.22,1.434473844064955
101,s3_vlp_blocked,baseline,vlp_only,1.1517575853600277,0.5853322379312014,2.87617496474118,0.65,0.22,1.434473844064955
101,s3_vlp_blocked,baseline,wifi_only,1.1911889807599452,0.9980954368542336,2.386653611413091,0.5,0.14,1.654648921504455
101,s3_vlp_blocked,dsp_static,static_fusion_ema,1.1033455638761027,0.8233924395037362,2.413068721653738,0.61,0.21,0.6529117557507225
101,s3_vlp_blocked,dsp_static,static_fusion_median,0.9129305312903558,0.7256696364305345,1.744262306737081,0.73,0.1,0.6318369847556063
101,s3_vlp_blocked,dsp_static,static_fusion_moving_average,1.0980554571370005,0.7649789060993146,2.384308415379338,0.63,0.22,0.6048851213323913
101,s3_vlp_blocked,dsp_static,static_fusion_raw,1.1517575853600277,0.5853322379312014,2.87617496474118,0.65,0.22,1.434473844064955
101,s3_vlp_blocked,gsp_expected,graph_diffusion_1,0.79371005543303,0.6544386785780127,1.5620254917023837,0.75,0.05,1.0516303332942034
101,s3_vlp_blocked,gsp_expected,graph_diffusion_3,0.7870168847448427,0.6499990994919205,1.5242258913683715,0.75,0.05,1.01747902579997
101,s3_vlp_blocked,gsp_expected,laplacian,0.7942634039660654,0.6469813923485342,1.558267404071246,0.75,0.05,1.0528078365160367
101,s3_vlp_blocked,gsp_expected,static_raw,0.7989339823091542,0.6529865558240415,1.6026527336523848,0.75,0.07,1.0721632045659577
101,s4_mixed_dynamic,adaptive,adaptive_fusion,0.5730375989599918,0.4502513430133587,1.0055069188466272,0.89,0.03,0.494585757968259
101,s4_mixed_dynamic,baseline,static_fusion,0.668750563405012,0.4621360452191118,1.1475047105562812,0.85,0.06,0.7355440978915595
101,s4_mixed_dynamic,baseline,vlp_only,0.668750563405012,0.4621360452191118,1.1475047105562812,0.85,0.06,0.7355440978915595
101,s4_mixed_dynamic,baseline,wifi_only,1.8853963306247412,1.5786553619184334,3.5051482154789,0.27,0.35,2.613727830747695
101,s4_mixed_dynamic,dsp_static,static_fusion_ema,0.6828020058145967,0.6303585907519711,1.1139587586508326,0.84,0.01,0.4476132171614622
101,s4_mixed_dynamic,dsp_static,static_fusion_median,0.7397932303581358,0.6748013934049077,1.2028601975654072,0.82,0.02,0.4844847478672489
101,s4_mixed_dynamic,dsp_static,static_fusion_moving_average,0.7265451041327772,0.6783241790411507,1.2226140058180242,0.81,0.01,0.4274111969594421
101,s4_mixed_dynamic,dsp_static,static_fusion_raw,0.668750563405012,0.4621360452191118,1.1475047105562812,0.85,0.06,0.7355440978915595
101,s4_mixed_dynamic,gsp_expected,graph_diffusion_1,0.987645603512872,0.876153201733244,1.9064724150170689,0.61,0.09,1.292957445970748
101,s4_mixed_dynamic,gsp_expected,graph_diffusion_3,0.9732586502515308,0.8263967479816494,1.8717381293174395,0.64,0.07,1.2575214755294652
101,s4_mixed_dynamic,gsp_expected,laplacian,0.9865038262409996,0.8675612436155311,1.905507916711812,0.62,0.09,1.2926457771286337
101,s4_mixed_dynamic,gsp_expected,static_raw,0.9963675739922072,0.8979674666168265,1.929062468544961,0.62,0.09,1.3134927441230986
102,s1_clean,adaptive,adaptive_fusion,0.4534430985952464,0.4342978842799154,0.7811391925964987,0.97,0.0,0.4702661533949903
102,s1_clean,baseline,static_fusion,0.4534430985952464,0.4342978842799154,0.7811391925964987,0.97,0.0,0.4702661533949903
102,s1_clean,baseline,vlp_only,0.4534430985952464,0.4342978842799154,0.7811391925964987,0.97,0.0,0.4702661533949903
102,s1_clean,baseline,wifi_only,1.3246279451716376,0.9734821207470952,2.2862109903399856,0.51,0.19,1.968880826582018
102,s1_clean,dsp_static,static_fusion_ema,0.6348735032588962,0.598657283792738,1.0313513119745998,0.86,0.0,0.3525201508748652
102,s1_clean,dsp_static,static_fusion_median,0.7026762364922898,0.6697572784905091,1.1146263849432736,0.81,0.0,0.4096600927889297
102,s1_clean,dsp_static,static_fusion_moving_average,0.6967344458548755,0.6526459638249754,1.0836492625555303,0.81,0.0,0.3953751073104136
102,s1_clean,dsp_static,static_fusion_raw,0.4534430985952464,0.4342978842799154,0.7811391925964987,0.97,0.0,0.4702661533949903
102,s1_clean,gsp_expected,graph_diffusion_1,0.6978086485584062,0.644804130252691,1.243951282451647,0.81,0.02,0.9374665218508488
102,s1_clean,gsp_expected,graph_diffusion_3,0.7090764691618391,0.6434441545443189,1.2450025450153164,0.8,0.02,0.9232026346349884
102,s1_clean,gsp_expected,laplacian,0.7013390690958206,0.6394196908321049,1.2645585288348522,0.81,0.02,0.9349166223622096
102,s1_clean,gsp_expected,static_raw,0.6949799811634676,0.6097789998337475,1.2676565302823704,0.81,0.02,0.945973564170244
102,s2_wifi_degraded,adaptive,adaptive_fusion,0.4424130664402262,0.4342978842799154,0.7144998913897004,0.97,0.0,0.4618982026399784
102,s2_wifi_degraded,baseline,static_fusion,0.4424130664402262,0.4342978842799154,0.7144998913897004,0.97,0.0,0.4618982026399784
102,s2_wifi_degraded,baseline,vlp_only,0.4424130664402262,0.4342978842799154,0.7144998913897004,0.97,0.0,0.4618982026399784
102,s2_wifi_degraded,baseline,wifi_only,2.324002950885694,1.803081424083071,4.795798437693061,0.31,0.46,3.238004314593245
102,s2_wifi_degraded,dsp_static,static_fusion_ema,0.6375714500989281,0.5869677808535526,1.052110153761043,0.86,0.0,0.3608881016298773
102,s2_wifi_degraded,dsp_static,static_fusion_median,0.708915975025817,0.6970848040704187,1.1146263849432736,0.81,0.0,0.3584371855983693
102,s2_wifi_degraded,dsp_static,static_fusion_moving_average,0.7047173802960038,0.6697572784905091,1.0836492625555303,0.81,0.0,0.3870071565554016
102,s2_wifi_degraded,dsp_static,static_fusion_raw,0.4424130664402262,0.4342978842799154,0.7144998913897004,0.97,0.0,0.4618982026399784
102,s2_wifi_degraded,gsp_expected,graph_diffusion_1,1.1357800834241596,0.9094085379236798,2.6222685562131587,0.54,0.14,1.5030864746611317
102,s2_wifi_degraded,gsp_expected,graph_diffusion_3,1.1316837822707595,0.916781813317555,2.5317645929093984,0.55,0.12,1.4648415291399663
102,s2_wifi_degraded,gsp_expected,laplacian,1.142299714382491,0.9037525521799143,2.653910013632633,0.55,0.14,1.5037489705399958
102,s2_wifi_degraded,gsp_expected,static_raw,1.1413928379249747,0.9050225609497624,2.672136687952434,0.55,0.14,1.5252103817418334
102,s3_vlp_blocked,adaptive,adaptive_fusion,0.7347233815858134,0.5132766093557498,1.3719163824610037,0.82,0.06,0.6513680939610451
102,s3_vlp_blocked,baseline,static_fusion,0.9929580257820972,0.5176930096091821,2.739026172073153,0.77,0.16,1.1913032133240355
102,s3_vlp_blocked,baseline,vlp_only,1.0038411759950152,0.5176930096091821,2.8500020309499097,0.77,0.17,1.2104511399145217
102,s3_vlp_blocked,baseline,wifi_only,1.4443992969179933,1.12361300536368,2.9969556564452504,0.44,0.21,2.0954188438701133
102,s3_vlp_blocked,dsp_static,static_fusion_ema,0.8248725290787969,0.6697572784905091,1.7259996516960792,0.71,0.06,0.5140424214295579
102,s3_vlp_blocked,dsp_static,static_fusion_median,0.9771831182361996,0.7748115106521787,1.7688185226031756,0.72,0.09,0.5841935329522282
102,s3_vlp_blocked,dsp_static,static_fusion_moving_average,0.949590713536184,0.8077587962967993,1.807602567046754,0.67,0.08,0.6270862367133043
102,s3_vlp_blocked,dsp_static,static_fusion_raw,0.9929580257820972,0.5176930096091821,2.739026172073153,0.77,0.16,1.1913032133240355
102,s3_vlp_blocked,gsp_expected,graph_diffusion_1,0.9725356596440108,0.8096478486633873,1.9079243489090456,0.65,0.09,1.1910901891715373
102,s3_vlp_blocked,gsp_expected,graph_diffusion_3,0.9764748524860496,0.847700218333991,1.8273357493046656,0.62,0.08,1.1662969581642495
102,s3_vlp_blocked,gsp_expected,laplacian,0.9759305465519044,0.8331819017012697,1.900876772084942,0.63,0.09,1.1878695573507934
102,s3_vlp_blocked,gsp_expected,static_raw,0.9724163329829196,0.7911951252808658,1.951626185296749,0.67,0.08,1.2046198992816315
102,s4_mixed_dynamic,adaptive,adaptive_fusion,0.5614174994201913,0.4632878560887047,0.820116674704623,0.93,0.04,0.5450637802259628
102,s4_mixed_dynamic,baseline,static_fusion,0.6341576803514319,0.4632878560887047,0.8577546135421579,0.9,0.07,0.7736515197452964
102,s4_mixed_dynamic,baseline,vlp_only,0.6341576803514319,0.4632878560887047,0.8577546135421579,0.9,0.07,0.7736515197452964
102,s4_mixed_dynamic,baseline,wifi_only,2.3029890981401717,1.812724886305951,4.599304521983863,0.29,0.47,3.4480881409538906
102,s4_mixed_dynamic,dsp_static,static_fusion_ema,0.7320793544488349,0.6147473275295179,1.2435066163607398,0.78,0.02,0.4643491186714862
102,s4_mixed_dynamic,dsp_static,static_fusion_median,0.8232048271452864,0.700175336467954,1.2467016966868534,0.76,0.06,0.4656952228757738
102,s4_mixed_dynamic,dsp_static,static_fusion_moving_average,0.7885986320716494,0.7147323977395212,1.3075048931806366,0.72,0.01,0.4500641331929701
102,s4_mixed_dynamic,dsp_static,static_fusion_raw,0.6341576803514319,0.4632878560887047,0.8577546135421579,0.9,0.07,0.7736515197452964
102,s4_mixed_dynamic,gsp_expected,graph_diffusion_1,1.1160870365725215,0.9242289626069788,2.098918910722239,0.53,0.12,1.4977393041422116
102,s4_mixed_dynamic,gsp_expected,graph_diffusion_3,1.1147025759142777,0.9206233292610588,2.0975035370913533,0.53,0.11,1.4626695751420729
102,s4_mixed_dynamic,gsp_expected,laplacian,1.120912007383876,0.919026746029709,2.140614290179943,0.53,0.12,1.498447234429754
102,s4_mixed_dynamic,gsp_expected,static_raw,1.120237431921884,0.9262402296765926,2.1095112511535508,0.53,0.12,1.5191277926647997
103,s1_clean,adaptive,adaptive_fusion,0.4408782375804591,0.4153217833274535,0.7136825181624598,0.97,0.0,0.423227221581936
103,s1_clean,baseline,static_fusion,0.4408782375804591,0.4153217833274535,0.7136825181624598,0.97,0.0,0.423227221581936
103,s1_clean,baseline,vlp_only,0.4408782375804591,0.4153217833274535,0.7136825181624598,0.97,0.0,0.423227221581936
103,s1_clean,baseline,wifi_only,1.3033457963363324,0.9616865066686208,2.2559769592337013,0.51,0.15,1.765261012235393
103,s1_clean,dsp_static,static_fusion_ema,0.5728944335520731,0.5378833551204807,0.9989711543243344,0.9,0.0,0.322217120571835
103,s1_clean,dsp_static,static_fusion_median,0.6588730181365551,0.5769238045502006,1.0537157317813672,0.82,0.0,0.328134155295339
103,s1_clean,dsp_static,static_fusion_moving_average,0.6359384475347201,0.5769238045502006,1.0232512738910664,0.85,0.0,0.328134155295339
103,s1_clean,dsp_static,static_fusion_raw,0.4408782375804591,0.4153217833274535,0.7136825181624598,0.97,0.0,0.423227221581936
103,s1_clean,gsp_expected,graph_diffusion_1,0.7041820308548146,0.5975434653942067,1.2685832541188615,0.81,0.02,0.7843651384530899
103,s1_clean,gsp_expected,graph_diffusion_3,0.7399722588196107,0.6067934630116683,1.410605765241656,0.77,0.02,0.7640416441046016
103,s1_clean,gsp_expected,laplacian,0.7052201359026554,0.5985678160967259,1.2955554410228252,0.82,0.02,0.7804585239353214
103,s1_clean,gsp_expected,static_raw,0.6887963956647846,0.5763242445480823,1.2495582224165958,0.82,0.02,0.7965486578785871
103,s2_wifi_degraded,adaptive,adaptive_fusion,0.4677483400811955,0.4153217833274535,0.9081688342424128,0.94,0.0,0.4232272215819361
103,s2_wifi_degraded,baseline,static_fusion,0.4677483400811955,0.4153217833274535,0.9081688342424128,0.94,0.0,0.4232272215819361
103,s2_wifi_degraded,baseline,vlp_only,0.4677483400811955,0.4153217833274535,0.9081688342424128,0.94,0.0,0.4232272215819361
103,s2_wifi_degraded,baseline,wifi_only,1.984341625877691,1.3817601578211804,4.078915094222718,0.34,0.29,2.870542301467099
103,s2_wifi_degraded,dsp_static,static_fusion_ema,0.5613683665346653,0.5308611039214873,0.9761616640345638,0.91,0.0,0.3163000858483309
103,s2_wifi_degraded,dsp_static,static_fusion_median,0.6341066650504138,0.5677416742611501,1.0425539796481118,0.85,0.0,0.3424191407738551
103,s2_wifi_degraded,dsp_static,static_fusion_moving_average,0.6179399348924007,0.5677416742611501,1.0165028589806573,0.87,0.0,0.3567041262523713
103,s2_wifi_degraded,dsp_static,static_fusion_raw,0.4677483400811955,0.4153217833274535,0.9081688342424128,0.94,0.0,0.4232272215819361
103,s2_wifi_degraded,gsp_expected,graph_diffusion_1,1.062236716721611,0.8489165153461578,2.0138914099554284,0.61,0.1,1.35782708493638
103,s2_wifi_degraded,gsp_expected,graph_diffusion_3,1.0912211340236213,0.8689349825790812,2.0103125752254205,0.6,0.1,1.3364743251341162
103,s2_wifi_degraded,gsp_expected,laplacian,1.0588363899692328,0.8587269239721106,2.0109570422205554,0.6,0.1,1.3474692911673465
103,s2_wifi_degraded,gsp_expected,static_raw,1.0478854695276234,0.8335429606635604,2.0178322947055003,0.62,0.1,1.369123028669086
103,s3_vlp_blocked,adaptive,adaptive_fusion,0.7151501729449973,0.4845323889059454,1.4489732872598402,0.82,0.08,0.6313263558267516
103,s3_vlp_blocked,baseline,static_fusion,0.9060097777344166,0.4878810318173871,2.1411100459436856,0.78,0.13,1.1313308711911108
103,s3_vlp_blocked,baseline,vlp_only,0.9060097777344166,0.4878810318173871,2.1411100459436856,0.78,0.13,1.1313308711911108
103,s3_vlp_blocked,baseline,wifi_only,1.232109238548603,1.009438676432861,2.2470011083321784,0.49,0.15,1.826201171598548
103,s3_vlp_blocked,dsp_static,static_fusion_ema,0.8528407675942663,0.7109028164354481,1.7228838614836453,0.71,0.07,0.4896564258500318
103,s3_vlp_blocked,dsp_static,static_fusion_median,0.8709085040535948,0.5833041098642064,1.701873413445993,0.72,0.09,0.5927217657749667
103,s3_vlp_blocked,dsp_static,static_fusion_moving_average,0.8869317441197768,0.7783689050125253,1.6698732462803851,0.69,0.06,0.4636312619859764
103,s3_vlp_blocked,dsp_static,static_fusion_raw,0.9060097777344166,0.4878810318173871,2.1411100459436856,0.78,0.13,1.1313308711911108
103,s3_vlp_blocked,gsp_expected,graph_diffusion_1,0.8494476708205516,0.689552363508364,1.7839592933884678,0.71,0.09,1.1095988052958248
103,s3_vlp_blocked,gsp_expected,graph_diffusion_3,0.8786363279067558,0.7096336921164075,1.956448681763921,0.7,0.1,1.0840659965989838
103,s3_vlp_blocked,gsp_expected,laplacian,0.852228043596034,0.6843082846146253,1.742550416908008,0.72,0.09,1.1069901310702002
103,s3_vlp_blocked,gsp_expected,static_raw,0.8381660798518148,0.6508213034994725,1.7361653869939,0.73,0.09,1.1255558217641328
103,s4_mixed_dynamic,adaptive,adaptive_fusion,0.7490706515348416,0.5139351684298541,1.714062487380208,0.8,0.08,0.6049806278272432
103,s4_mixed_dynamic,baseline,static_fusion,0.8361576903281486,0.5026539894127589,2.3231459919231385,0.82,0.13,0.9809871749276252
103,s4_mixed_dynamic,baseline,vlp_only,0.8361576903281486,0.5026539894127589,2.3231459919231385,0.82,0.13,0.9809871749276252
103,s4_mixed_dynamic,baseline,wifi_only,1.7441667478400993,1.2109163850402986,3.315037299527672,0.4,0.3,2.514723496707824
103,s4_mixed_dynamic,dsp_static,static_fusion_ema,0.7751271552759184,0.5828514971299743,1.600611610241761,0.77,0.08,0.3685381956993794
103,s4_mixed_dynamic,dsp_static,static_fusion_median,0.831889884541257,0.5935943814354299,1.69098846500988,0.76,0.08,0.4896855413386261
103,s4_mixed_dynamic,dsp_static,static_fusion_moving_average,0.8014221053860929,0.6445824373005894,1.5424423825339515,0.76,0.07,0.3828231811778955
103,s4_mixed_dynamic,dsp_static,static_fusion_raw,0.8361576903281486,0.5026539894127589,2.3231459919231385,0.82,0.13,0.9809871749276252
103,s4_mixed_dynamic,gsp_expected,graph_diffusion_1,1.0748700443706056,0.8228186776226163,2.159535488814025,0.62,0.14,1.3148780916430924
103,s4_mixed_dynamic,gsp_expected,graph_diffusion_3,1.096379818361065,0.8297705164852848,2.2055394251435594,0.6,0.16,1.2776607061340115
103,s4_mixed_dynamic,gsp_expected,laplacian,1.07750515135036,0.8256989302766552,2.1607967541838926,0.62,0.15,1.3145317881389935
103,s4_mixed_dynamic,gsp_expected,static_raw,1.0669863472700016,0.8060537288870242,2.1328463216492013,0.63,0.13,1.3373626772741327
104,s1_clean,adaptive,adaptive_fusion,0.4505891768643955,0.3993712828136579,0.7396984181726755,0.95,0.0,0.4922012329430086
104,s1_clean,baseline,static_fusion,0.4439290434246051,0.392968903720245,0.7339295481743786,0.95,0.0,0.4719992127409884
104,s1_clean,baseline,vlp_only,0.4505891768643955,0.3993712828136579,0.7396984181726755,0.95,0.0,0.4922012329430086
104,s1_clean,baseline,wifi_only,1.5344731227918489,1.0878908690851357,3.2226339077648305,0.47,0.24,2.203694132375135
104,s1_clean,dsp_static,static_fusion_ema,0.5802476928546726,0.5615773281081805,0.9934792461908292,0.9,0.0,0.3466031161513612
104,s1_clean,dsp_static,static_fusion_median,0.6773681831400424,0.6695905444832956,1.1443726295265044,0.8,0.0,0.334769046704353
104,s1_clean,dsp_static,static_fusion_moving_average,0.6199434208082926,0.6089544949288845,1.023885299705943,0.87,0.0,0.3466031161513612
104,s1_clean,dsp_static,static_fusion_raw,0.4439290434246051,0.392968903720245,0.7339295481743786,0.95,0.0,0.4719992127409884
104,s1_clean,gsp_expected,graph_diffusion_1,0.8576962357045906,0.7233562329449479,1.5379511227970293,0.69,0.06,0.9307195460713462
104,s1_clean,gsp_expected,graph_diffusion_3,0.8930751973096975,0.7594554942035601,1.630568278848601,0.67,0.06,0.906609314481144
104,s1_clean,gsp_expected,laplacian,0.8628473966672376,0.7238428544038888,1.5474138982136316,0.7,0.06,0.9293871800683892
104,s1_clean,gsp_expected,static_raw,0.8424976079280114,0.7245407840568561,1.540223894023157,0.73,0.06,0.9462663278113916
104,s2_wifi_degraded,adaptive,adaptive_fusion,0.4334722863974382,0.392968903720245,0.6841837291248527,0.95,0.0,0.4719992127409885
104,s2_wifi_degraded,baseline,static_fusion,0.5104740090767603,0.392968903720245,0.6841837291248527,0.94,0.01,0.629990844819416
104,s2_wifi_degraded,baseline,vlp_only,0.4334722863974382,0.392968903720245,0.6841837291248527,0.95,0.0,0.4719992127409885
104,s2_wifi_degraded,baseline,wifi_only,2.706220778070177,1.7765072470287309,6.794706937234628,0.31,0.43,3.8504114494554
104,s2_wifi_degraded,dsp_static,static_fusion_ema,0.5808296634617092,0.5546907070476309,0.9934792461908292,0.9,0.0,0.3323181306728451
104,s2_wifi_degraded,dsp_static,static_fusion_median,0.6644079566778762,0.6695905444832956,1.1312525054128006,0.82,0.0,0.3365021060503511
104,s2_wifi_degraded,dsp_static,static_fusion_moving_average,0.6305155793514111,0.650813817019082,1.050452212619079,0.86,0.0,0.326401095949341
104,s2_wifi_degraded,dsp_static,static_fusion_raw,0.5104740090767603,0.392968903720245,0.6841837291248527,0.94,0.01,0.629990844819416
104,s2_wifi_degraded,gsp_expected,graph_diffusion_1,1.305578029778215,0.8832346798615377,3.127801246288029,0.56,0.23,1.5960852827767007
104,s2_wifi_degraded,gsp_expected,graph_diffusion_3,1.3313141837347724,0.9630727226468294,3.035071544350598,0.52,0.24,1.559609457741818
104,s2_wifi_degraded,gsp_expected,laplacian,1.3129607080332677,0.8721731759510122,3.148112057179398,0.56,0.22,1.5933378541275924
104,s2_wifi_degraded,gsp_expected,static_raw,1.296836270384656,0.8315495041724912,3.1419941437482537,0.56,0.21,1.6199947504737613
104,s3_vlp_blocked,adaptive,adaptive_fusion,0.773989835468149,0.5110816021763075,1.5164605964552018,0.78,0.07,0.599779834355866
104,s3_vlp_blocked,baseline,static_fusion,0.9705243034658244,0.5053313303777747,2.8788129279605443,0.75,0.12,1.2345653580590057
104,s3_vlp_blocked,baseline,vlp_only,0.970508504033642,0.5053313303777747,2.8788129279605443,0.75,0.12,1.2286483233355017
104,s3_vlp_blocked,baseline,wifi_only,1.4854834072793108,1.0147789176047453,2.939789222728657,0.49,0.21,2.214346400235757
104,s3_vlp_blocked,dsp_static,static_fusion_ema,0.9572498997163814,0.7244683648457932,2.059855606023383,0.71,0.11,0.6210634482246321
104,s3_vlp_blocked,dsp_static,static_fusion_median,0.976016201635107,0.7319019962310922,1.905656163298727,0.68,0.1,0.5878129828963429
104,s3_vlp_blocked,dsp_static,static_fusion_moving_average,1.0137584576065224,0.7762959809068122,2.0649374368243527,0.67,0.11,0.4030252013799158
104,s3_vlp_blocked,dsp_static,static_fusion_raw,0.9705243034658244,0.5053313303777747,2.8788129279605443,0.75,0.12,1.2345653580590057
104,s3_vlp_blocked,gsp_expected,graph_diffusion_1,0.9840981666059218,0.7760736173061455,2.068642067692911,0.65,0.11,1.1565991826505124
104,s3_vlp_blocked,gsp_expected,graph_diffusion_3,1.0168825411302196,0.7848990512186806,2.0457483884108054,0.62,0.11,1.127989487042453
104,s3_vlp_blocked,gsp_expected,laplacian,0.9910876338703076,0.7768181982830953,2.117379004655208,0.65,0.11,1.1523126195288576
104,s3_vlp_blocked,gsp_expected,static_raw,0.9709185479616292,0.7522131858369425,2.11197953604145,0.65,0.11,1.1724595500141874
104,s4_mixed_dynamic,adaptive,adaptive_fusion,0.5852724685255756,0.4379599946095381,1.245476729497838,0.88,0.02,0.587945764908858
104,s4_mixed_dynamic,baseline,static_fusion,0.8553146014498414,0.4473096722162955,2.015821835786465,0.82,0.1,1.0906494266716975
104,s4_mixed_dynamic,baseline,vlp_only,0.8553146014498414,0.4473096722162955,2.015821835786465,0.82,0.1,1.0906494266716975
104,s4_mixed_dynamic,baseline,wifi_only,1.7643165702026806,1.0869889007563178,4.64636315778426,0.46,0.21,2.243147704841105
104,s4_mixed_dynamic,dsp_static,static_fusion_ema,0.7306720973277807,0.6407851853423082,1.2000694151230835,0.81,0.03,0.4408180436847217
104,s4_mixed_dynamic,dsp_static,static_fusion_median,0.7804384256051499,0.6722439816639894,1.2539392893840178,0.78,0.03,0.4600987522877227
104,s4_mixed_dynamic,dsp_static,static_fusion_moving_average,0.7625171858301859,0.7155840581616,1.2000694151230835,0.79,0.03,0.2953802089608008
104,s4_mixed_dynamic,dsp_static,static_fusion_raw,0.8553146014498414,0.4473096722162955,2.015821835786465,0.82,0.1,1.0906494266716975
104,s4_mixed_dynamic,gsp_expected,graph_diffusion_1,1.147602960736564,0.8783271492206581,2.720419176456867,0.63,0.16,1.3840417141584056
104,s4_mixed_dynamic,gsp_expected,graph_diffusion_3,1.1656524697025894,0.8962757288423076,2.7736609370583327,0.59,0.15,1.341142597710744
104,s4_mixed_dynamic,gsp_expected,laplacian,1.1533141283094392,0.8697354754010362,2.7056655826406018,0.61,0.16,1.38117602443841
104,s4_mixed_dynamic,gsp_expected,static_raw,1.1432076127198765,0.8362114191570791,2.6893623302668046,0.62,0.16,1.408633092003124
105,s1_clean,adaptive,adaptive_fusion,0.4437896341909658,0.353567995270397,0.7545867816943568,0.93,0.02,0.452382267211963
105,s1_clean,baseline,static_fusion,0.4437896341909658,0.353567995270397,0.7545867816943568,0.93,0.02,0.452382267211963
105,s1_clean,baseline,vlp_only,0.4437896341909658,0.353567995270397,0.7545867816943568,0.93,0.02,0.452382267211963
105,s1_clean,baseline,wifi_only,1.5318270386290878,0.9676761022079906,3.2166959727700184,0.52,0.24,2.345839116394846
105,s1_clean,dsp_static,static_fusion_ema,0.6312299646262548,0.6089210038999504,1.039074113642194,0.89,0.01,0.396026572989666
105,s1_clean,dsp_static,static_fusion_median,0.6768205544739506,0.6321764811393717,1.108157038285213,0.84,0.02,0.393575656958158
105,s1_clean,dsp_static,static_fusion_moving_average,0.687682695201609,0.6446856188300416,1.1080178384952424,0.84,0.02,0.3817415875111498
105,s1_clean,dsp_static,static_fusion_raw,0.4437896341909658,0.353567995270397,0.7545867816943568,0.93,0.02,0.452382267211963
105,s1_clean,gsp_expected,graph_diffusion_1,0.7553432192051011,0.6410887835306708,1.4013573856994113,0.75,0.06,0.9388292171403884
105,s1_clean,gsp_expected,graph_diffusion_3,0.7662492685801493,0.6477039207269155,1.402798543009587,0.77,0.06,0.9147942707214798
105,s1_clean,gsp_expected,laplacian,0.761494191922203,0.6425348313837896,1.4223872211830018,0.75,0.06,0.9369032275731408
105,s1_clean,gsp_expected,static_raw,0.7533534407705713,0.6464372285045901,1.39893965047487,0.76,0.06,0.9520959986936904
105,s2_wifi_degraded,adaptive,adaptive_fusion,0.4373248074117317,0.353567995270397,0.7553605502779052,0.94,0.01,0.4297957219846924
105,s2_wifi_degraded,baseline,static_fusion,0.4373248074117317,0.353567995270397,0.7553605502779052,0.94,0.01,0.4297957219846924
105,s2_wifi_degraded,baseline,vlp_only,0.4373248074117317,0.353567995270397,0.7553605502779052,0.94,0.01,0.4297957219846924
105,s2_wifi_degraded,baseline,wifi_only,2.217113827789529,1.4569958475764255,5.4517161902882885,0.31,0.4,2.830530161731492
105,s2_wifi_degraded,dsp_static,static_fusion_ema,0.6464139966652208,0.6155123322657038,1.0779132008188548,0.87,0.01,0.3758245527876457
105,s2_wifi_degraded,dsp_static,static_fusion_median,0.6700844259661703,0.6321764811393717,1.122767846362749,0.83,0.01,0.3976932413294065
105,s2_wifi_degraded,dsp_static,static_fusion_moving_average,0.6963193983435026,0.6446856188300416,1.1080178384952424,0.84,0.03,0.4001441573609143
105,s2_wifi_degraded,dsp_static,static_fusion_raw,0.4373248074117317,0.353567995270397,0.7553605502779052,0.94,0.01,0.4297957219846924
105,s2_wifi_degraded,gsp_expected,graph_diffusion_1,1.061114747996625,0.7687948015700006,2.309215007533351,0.54,0.13,1.4000126581701329
105,s2_wifi_degraded,gsp_expected,graph_diffusion_3,1.0578373600619413,0.7775084326040801,2.1997605687524944,0.56,0.14,1.35888821330536
105,s2_wifi_degraded,gsp_expected,laplacian,1.0666421903038723,0.764743495609819,2.34911179676082,0.54,0.13,1.4024114512767052
105,s2_wifi_degraded,gsp_expected,static_raw,1.0663042119199286,0.7850682664976355,2.384883912387093,0.56,0.13,1.4242233745547097
105,s3_vlp_blocked,adaptive,adaptive_fusion,0.7405634093967872,0.4981926419173643,1.8748007087843943,0.79,0.07,0.7439092466130848
105,s3_vlp_blocked,baseline,static_fusion,1.043055168681014,0.5280714247528743,2.698797420625102,0.7,0.21,1.4215619357137004
105,s3_vlp_blocked,baseline,vlp_only,1.043055168681014,0.5280714247528743,2.698797420625102,0.7,0.21,1.4215619357137004
105,s3_vlp_blocked,baseline,wifi_only,1.494204646977188,1.0893256394552746,3.3901969072505764,0.46,0.25,2.098783241931102
105,s3_vlp_blocked,dsp_static,static_fusion_ema,1.0912207063541155,0.8605916939427183,2.310613939058476,0.6,0.16,0.6402502657661641
105,s3_vlp_blocked,dsp_static,static_fusion_median,0.8813685120210321,0.662592594298197,1.8748007087843943,0.74,0.07,0.6057054353283611
105,s3_vlp_blocked,dsp_static,static_fusion_moving_average,1.0386036173062203,0.8610260278254422,2.2728834249979126,0.6,0.14,0.4963852083205146
105,s3_vlp_blocked,dsp_static,static_fusion_raw,1.043055168681014,0.5280714247528743,2.698797420625102,0.7,0.21,1.4215619357137004
105,s3_vlp_blocked,gsp_expected,graph_diffusion_1,0.9521462274208896,0.7319534239549541,1.883164562334788,0.65,0.08,1.228873866166039
105,s3_vlp_blocked,gsp_expected,graph_diffusion_3,0.9535162717968478,0.7603231981783467,1.9167083824760376,0.65,0.08,1.1944337083605436
105,s3_vlp_blocked,gsp_expected,laplacian,0.956901180840362,0.7402010064322393,1.914481502547874,0.65,0.08,1.2289076145338993
105,s3_vlp_blocked,gsp_expected,static_raw,0.9556860656330548,0.7501069391049016,1.895057997103854,0.65,0.09,1.24936866198156
105,s4_mixed_dynamic,adaptive,adaptive_fusion,0.587177959931877,0.4344233829685999,1.204783929752404,0.85,0.03,0.444014316456951
105,s4_mixed_dynamic,baseline,static_fusion,0.8014179790774635,0.4253540856842674,2.401300481298981,0.82,0.14,1.0040490888495317
105,s4_mixed_dynamic,baseline,vlp_only,0.8014179790774635,0.4253540856842674,2.401300481298981,0.82,0.14,1.0040490888495317
105,s4_mixed_dynamic,baseline,wifi_only,1.891349790428151,1.5325407947630336,3.863225840008037,0.37,0.35,2.7517306461601696
105,s4_mixed_dynamic,dsp_static,static_fusion_ema,0.9697032676577332,0.7946831635899301,2.071576600386524,0.67,0.12,0.763780520997278
105,s4_mixed_dynamic,dsp_static,static_fusion_median,0.7928805795916916,0.7487985494052001,1.4134683479877612,0.74,0.03,0.4137776771601782
105,s4_mixed_dynamic,dsp_static,static_fusion_moving_average,0.9349840192533214,0.8226685182536785,1.8681715123068916,0.65,0.09,0.4423476481172104
105,s4_mixed_dynamic,dsp_static,static_fusion_raw,0.8014179790774635,0.4253540856842674,2.401300481298981,0.82,0.14,1.0040490888495317
105,s4_mixed_dynamic,gsp_expected,graph_diffusion_1,1.0700023068382776,0.9921918943325052,1.957648677755229,0.5,0.09,1.338271605954804
105,s4_mixed_dynamic,gsp_expected,graph_diffusion_3,1.0675833544789233,0.9709348136889328,1.8986430538137289,0.51,0.09,1.308389767310235
105,s4_mixed_dynamic,gsp_expected,laplacian,1.0738163144732102,0.983302433553736,1.9468559653309423,0.51,0.1,1.3351435052550675
105,s4_mixed_dynamic,gsp_expected,static_raw,1.0757577931107327,0.9898840980768098,1.993078286642956,0.51,0.1,1.355623591203972
106,s1_clean,adaptive,adaptive_fusion,0.4810111142261972,0.4356088454153661,0.7273690419318527,0.95,0.01,0.5594421849580832
106,s1_clean,baseline,static_fusion,0.4810111142261972,0.4356088454153661,0.7273690419318527,0.95,0.01,0.5594421849580832
106,s1_clean,baseline,vlp_only,0.4810111142261972,0.4356088454153661,0.7273690419318527,0.95,0.01,0.5594421849580832
106,s1_clean,baseline,wifi_only,1.4824718567562432,0.9725022264559208,2.711037117508001,0.51,0.17,2.2144726717678576
106,s1_clean,dsp_static,static_fusion_ema,0.6652680859693777,0.6542150089520782,1.077872972309744,0.86,0.0,0.4786341041500023
106,s1_clean,dsp_static,static_fusion_median,0.7552625715775168,0.7424364456578814,1.1789672617188522,0.78,0.0,0.4761831881184944
106,s1_clean,dsp_static,static_fusion_moving_average,0.7303917873205995,0.7332539198963861,1.1687751720305812,0.81,0.0,0.4845511388735064
106,s1_clean,dsp_static,static_fusion_raw,0.4810111142261972,0.4356088454153661,0.7273690419318527,0.95,0.01,0.5594421849580832
106,s1_clean,gsp_expected,graph_diffusion_1,0.7116070081931244,0.5745263116959956,1.1514216003570097,0.8,0.05,0.8755971752525648
106,s1_clean,gsp_expected,graph_diffusion_3,0.7284257876893269,0.5932674345291484,1.197091861391902,0.8,0.04,0.8473879666351776
106,s1_clean,gsp_expected,laplacian,0.7188381509546816,0.589383551956391,1.1562688946331388,0.79,0.05,0.8762635291206822
106,s1_clean,gsp_expected,static_raw,0.7059906696457878,0.5646170626384186,1.1310934029806154,0.81,0.05,0.8927825455805262
106,s2_wifi_degraded,adaptive,adaptive_fusion,0.4984513376885455,0.4463161201900688,0.8136727957162307,0.94,0.01,0.5737271704365993
106,s2_wifi_degraded,baseline,static_fusion,0.5078451813511546,0.4463161201900688,0.8149894745732846,0.93,0.01,0.5921297402863639
106,s2_wifi_degraded,baseline,vlp_only,0.4984513376885455,0.4463161201900688,0.8136727957162307,0.94,0.01,0.5737271704365993
106,s2_wifi_degraded,baseline,wifi_only,2.154607928662672,1.560519489243668,4.573139066577385,0.27,0.39,2.758711361564436
106,s2_wifi_degraded,dsp_static,static_fusion_ema,0.6698342935521637,0.6518692766200097,1.0978527965628373,0.84,0.0,0.438230063745962
106,s2_wifi_degraded,dsp_static,static_fusion_median,0.749441698253691,0.7458751726245296,1.177544530893462,0.79,0.0,0.4559811679164742
106,s2_wifi_degraded,dsp_static,static_fusion_moving_average,0.7466876436226582,0.7424364456578814,1.1758508920618271,0.8,0.0,0.4761831881184944
106,s2_wifi_degraded,dsp_static,static_fusion_raw,0.5078451813511546,0.4463161201900688,0.8149894745732846,0.93,0.01,0.5921297402863639
106,s2_wifi_degraded,gsp_expected,graph_diffusion_1,1.0376715657841245,0.8173253303985564,2.157341423054956,0.61,0.11,1.3257048280535595
106,s2_wifi_degraded,gsp_expected,graph_diffusion_3,1.034890646880931,0.8197509799778961,2.1186187352916632,0.62,0.11,1.2873384529792944
106,s2_wifi_degraded,gsp_expected,laplacian,1.047011600483604,0.8166046139823795,2.202905489849859,0.61,0.11,1.3280214694977095
106,s2_wifi_degraded,gsp_expected,static_raw,1.0438516448558504,0.7961741163327969,2.2102965404106407,0.62,0.11,1.3497715054072563
106,s3_vlp_blocked,adaptive,adaptive_fusion,0.984680466627676,0.5398714811972551,2.844403488238867,0.71,0.16,0.7500330327048065
106,s3_vlp_blocked,baseline,static_fusion,1.2107930103081876,0.507569116495171,3.490473881395015,0.66,0.24,1.4845226550912771
106,s3_vlp_blocked,baseline,vlp_only,1.2134302822746152,0.5150715934214184,3.490473881395015,0.66,0.24,1.4845226550912771
106,s3_vlp_blocked,baseline,wifi_only,1.4258034896728136,1.0672991565312404,2.847022850369372,0.48,0.16,1.8930709510091976
106,s3_vlp_blocked,dsp_static,static_fusion_ema,1.0590063484009022,0.7708959281439455,2.4660597407532845,0.67,0.16,0.7765747929943515
106,s3_vlp_blocked,dsp_static,static_fusion_median,1.1728240292610184,0.8644796164868885,2.844403488238867,0.6,0.15,0.6726242077745997
106,s3_vlp_blocked,dsp_static,static_fusion_moving_average,1.0733423156132285,0.8162454523987379,2.4660597407532845,0.65,0.14,0.6673845233521766
106,s3_vlp_blocked,dsp_static,static_fusion_raw,1.2107930103081876,0.507569116495171,3.490473881395015,0.66,0.24,1.4845226550912771
106,s3_vlp_blocked,gsp_expected,graph_diffusion_1,0.9988478433873732,0.7746178081712758,1.9948599767079724,0.6,0.1,1.063655681506405
106,s3_vlp_blocked,gsp_expected,graph_diffusion_3,1.002899709695005,0.7775931554152447,1.9209019445907785,0.6,0.1,1.0250903957553978
106,s3_vlp_blocked,gsp_expected,laplacian,1.0086970550976837,0.782150767554415,2.042585525786549,0.59,0.11,1.0650077825755315
106,s3_vlp_blocked,gsp_expected,static_raw,1.0008508169964891,0.7605685559980953,2.0867799622072383,0.59,0.12,1.086963468045424
106,s4_mixed_dynamic,adaptive,adaptive_fusion,0.6385771049968566,0.482121582020676,1.1799540974042688,0.87,0.03,0.6366513650616528
106,s4_mixed_dynamic,baseline,static_fusion,0.7721436230250991,0.482121582020676,1.4844189519950766,0.85,0.09,0.9229087104539454
106,s4_mixed_dynamic,baseline,vlp_only,0.7721436230250991,0.482121582020676,1.4844189519950766,0.85,0.09,0.9229087104539454
106,s4_mixed_dynamic,baseline,wifi_only,2.1039775719003697,1.363221157810809,4.909830290228843,0.38,0.33,2.710842312392682
106,s4_mixed_dynamic,dsp_static,static_fusion_ema,0.7338345872426959,0.7332539198963861,1.1939265383696334,0.83,0.0,0.4678152373634824
106,s4_mixed_dynamic,dsp_static,static_fusion_median,0.8747681434589458,0.7701275852716578,1.3541693332010485,0.74,0.03,0.4785013221374873
106,s4_mixed_dynamic,dsp_static,static_fusion_moving_average,0.8365279241546983,0.7922857931187196,1.3541693332010485,0.72,0.01,0.4998513270125108
106,s4_mixed_dynamic,dsp_static,static_fusion_raw,0.7721436230250991,0.482121582020676,1.4844189519950766,0.85,0.09,0.9229087104539454
106,s4_mixed_dynamic,gsp_expected,graph_diffusion_1,1.1266880771572074,0.8576984656439799,2.249569564303328,0.58,0.15,1.2866969152065293
106,s4_mixed_dynamic,gsp_expected,graph_diffusion_3,1.116115358968482,0.8925394578755268,2.2063048297853425,0.57,0.14,1.2386274963726986
106,s4_mixed_dynamic,gsp_expected,laplacian,1.137484982652876,0.8633441827593158,2.248359233449486,0.58,0.15,1.292534121941386
106,s4_mixed_dynamic,gsp_expected,static_raw,1.1375000215004485,0.836378396750102,2.2747427137083243,0.57,0.16,1.316334512776809
107,s1_clean,adaptive,adaptive_fusion,0.4264792453992723,0.3950157457809937,0.6325189680142987,0.97,0.0,0.368471804693122
107,s1_clean,baseline,static_fusion,0.4264792453992723,0.3950157457809937,0.6325189680142987,0.97,0.0,0.368471804693122
107,s1_clean,baseline,vlp_only,0.4264792453992723,0.3950157457809937,0.6325189680142987,0.97,0.0,0.368471804693122
107,s1_clean,baseline,wifi_only,1.4692250760451595,1.0986944737053022,2.487563649925817,0.46,0.16,2.046225785852131
107,s1_clean,dsp_static,static_fusion_ema,0.6077044664635789,0.5472293824660228,1.0371540153277523,0.88,0.0,0.3567041262523713
107,s1_clean,dsp_static,static_fusion_median,0.6617744003250253,0.6250939393326853,1.1528368444972406,0.84,0.0,0.3381687743900917
107,s1_clean,dsp_static,static_fusion_moving_average,0.6846822210146333,0.6693982216580945,1.1494014839536155,0.82,0.0,0.3542532102208633
107,s1_clean,dsp_static,static_fusion_raw,0.4264792453992723,0.3950157457809937,0.6325189680142987,0.97,0.0,0.368471804693122
107,s1_clean,gsp_expected,graph_diffusion_1,0.6713076021793021,0.5582312567739214,1.2756579631583629,0.87,0.03,0.7526614752332348
107,s1_clean,gsp_expected,graph_diffusion_3,0.6847388958455903,0.5716495692663566,1.3421551847010744,0.85,0.03,0.7342819155867797
107,s1_clean,gsp_expected,laplacian,0.6721902166136505,0.5581066559859185,1.2625882985072965,0.88,0.03,0.7508923482119219
107,s1_clean,gsp_expected,static_raw,0.6660319633984804,0.5536685504805963,1.1800597185487849,0.88,0.03,0.7629405214256809
107,s2_wifi_degraded,adaptive,adaptive_fusion,0.4359430170775947,0.3915094502504059,0.6487135823153114,0.96,0.0,0.376839755448134
107,s2_wifi_degraded,baseline,static_fusion,0.4359430170775947,0.3915094502504059,0.6487135823153114,0.96,0.0,0.376839755448134
107,s2_wifi_degraded,baseline,vlp_only,0.4359430170775947,0.3915094502504059,0.6487135823153114,0.96,0.0,0.376839755448134
107,s2_wifi_degraded,baseline,wifi_only,1.8660971195497424,1.274732157020991,4.325459042100898,0.37,0.33,2.5378026832179845
107,s2_wifi_degraded,dsp_static,static_fusion_ema,0.6009586269896172,0.5577824038227228,1.0371540153277523,0.88,0.0,0.3887402159013997
107,s2_wifi_degraded,dsp_static,static_fusion_median,0.6914109714204186,0.6693982216580945,1.1620462679807717,0.83,0.0,0.3524537598686078
107,s2_wifi_degraded,dsp_static,static_fusion_moving_average,0.7034150269340215,0.6912689388651715,1.1494014839536155,0.8,0.0,0.3887402159013997
107,s2_wifi_degraded,dsp_static,static_fusion_raw,0.4359430170775947,0.3915094502504059,0.6487135823153114,0.96,0.0,0.376839755448134
107,s2_wifi_degraded,gsp_expected,graph_diffusion_1,0.939752526675166,0.6884641515486477,1.7882185090808522,0.64,0.08,1.176025647967131
107,s2_wifi_degraded,gsp_expected,graph_diffusion_3,0.9453169908626587,0.7152496789446452,1.7949645045054454,0.66,0.08,1.143834509297199
107,s2_wifi_degraded,gsp_expected,laplacian,0.942174774683668,0.6822878324074857,1.7847509931660115,0.64,0.08,1.17584169057704
107,s2_wifi_degraded,gsp_expected,static_raw,0.938166239577748,0.6762902891124802,1.7851351846997825,0.62,0.08,1.1943006117888284
107,s3_vlp_blocked,adaptive,adaptive_fusion,0.735508290891991,0.4802846939098615,1.2936863175108575,0.8,0.04,0.6026830430478537
107,s3_vlp_blocked,baseline,static_fusion,1.0650018947666628,0.4727939253065041,2.9998548223625985,0.74,0.21,1.202211006101156
107,s3_vlp_blocked,baseline,vlp_only,1.0650018947666628,0.4727939253065041,2.9998548223625985,0.74,0.21,1.202211006101156
107,s3_vlp_blocked,baseline,wifi_only,1.1923234896130803,1.1055623354298445,2.304182575820048,0.45,0.16,1.5301517391679176
107,s3_vlp_blocked,dsp_static,static_fusion_ema,0.9390709046808928,0.7095171354247031,1.7653433221268195,0.65,0.08,0.6064303985554513
107,s3_vlp_blocked,dsp_static,static_fusion_median,0.9432746470286136,0.7256396226188931,1.343931960778018,0.72,0.05,0.5396924574165427
107,s3_vlp_blocked,dsp_static,static_fusion_moving_average,1.0690277878238912,0.8555045799574845,2.286571301762629,0.62,0.14,0.5495839925294932
107,s3_vlp_blocked,dsp_static,static_fusion_raw,1.0650018947666628,0.4727939253065041,2.9998548223625985,0.74,0.21,1.202211006101156
107,s3_vlp_blocked,gsp_expected,graph_diffusion_1,0.8663735017070201,0.6907179733684254,1.6607553416714331,0.72,0.06,0.9911652485964638
107,s3_vlp_blocked,gsp_expected,graph_diffusion_3,0.8757414948846312,0.7034709224297802,1.7291200615277833,0.74,0.06,0.969267212639161
107,s3_vlp_blocked,gsp_expected,laplacian,0.8646606625414383,0.6837656832992925,1.632986947408711,0.72,0.06,0.9872176703846088
107,s3_vlp_blocked,gsp_expected,static_raw,0.8615389709711657,0.6886810873391344,1.5714136733131092,0.72,0.07,1.0028990817817809
107,s4_mixed_dynamic,adaptive,adaptive_fusion,0.6782972002713195,0.4332707470129058,1.3260674186985306,0.87,0.05,0.6492696822004284
107,s4_mixed_dynamic,baseline,static_fusion,0.767396471954278,0.4292650209278784,1.570073630287166,0.86,0.07,0.8943444854828159
107,s4_mixed_dynamic,baseline,vlp_only,0.767396471954278,0.4292650209278784,1.570073630287166,0.86,0.07,0.8943444854828159
107,s4_mixed_dynamic,baseline,wifi_only,1.9514538760886408,1.4999439798793586,4.512950775094916,0.34,0.34,2.661410145581913
107,s4_mixed_dynamic,dsp_static,static_fusion_ema,0.7146393205311307,0.5616781027027934,1.2096054381221275,0.83,0.03,0.6395684753848565
107,s4_mixed_dynamic,dsp_static,static_fusion_median,0.8600509476581708,0.6841257059017545,1.2654040104966835,0.78,0.05,0.5987646316953779
107,s4_mixed_dynamic,dsp_static,static_fusion_moving_average,0.8428773281714674,0.6539385249365252,1.3227995758715367,0.75,0.05,0.6597344292826745
107,s4_mixed_dynamic,dsp_static,static_fusion_raw,0.767396471954278,0.4292650209278784,1.570073630287166,0.86,0.07,0.8943444854828159
107,s4_mixed_dynamic,gsp_expected,graph_diffusion_1,1.102956084448534,0.8488650702983895,2.35349095655516,0.59,0.14,1.3178823731878917
107,s4_mixed_dynamic,gsp_expected,graph_diffusion_3,1.0967672563414008,0.8569904839394871,2.3090283650295933,0.61,0.14,1.2731444185821323
107,s4_mixed_dynamic,gsp_expected,laplacian,1.1085519141074551,0.8485503025238801,2.384604385959023,0.6,0.14,1.3221470847496934
107,s4_mixed_dynamic,gsp_expected,static_raw,1.1103111072764924,0.8873972177279573,2.4103510353362334,0.58,0.14,1.345125031439033
108,s1_clean,adaptive,adaptive_fusion,0.532061747809783,0.4385236649312497,0.9447681561321986,0.9,0.0,0.476116797112237
108,s1_clean,baseline,static_fusion,0.532061747809783,0.4385236649312497,0.9447681561321986,0.9,0.0,0.476116797112237
108,s1_clean,baseline,vlp_only,0.532061747809783,0.4385236649312497,0.9447681561321986,0.9,0.0,0.476116797112237
108,s1_clean,baseline,wifi_only,1.5359212634365027,1.0823545976038804,2.9307663136516613,0.45,0.2,2.1725918891055263
108,s1_clean,dsp_static,static_fusion_ema,0.6201033882793839,0.5641229586872214,1.105597478405439,0.86,0.0,0.3953087163041561
108,s1_clean,dsp_static,static_fusion_median,0.7047366517400995,0.6807747472748181,1.263234378186595,0.75,0.0,0.3608217106236197
108,s1_clean,dsp_static,static_fusion_moving_average,0.6969776362856746,0.6773320027913484,1.2022537295802431,0.77,0.0,0.4012257510276601
108,s1_clean,dsp_static,static_fusion_raw,0.532061747809783,0.4385236649312497,0.9447681561321986,0.9,0.0,0.476116797112237
108,s1_clean,gsp_expected,graph_diffusion_1,0.7697597665690442,0.6482846946187023,1.415879780431328,0.75,0.02,0.9102869067550716
108,s1_clean,gsp_expected,graph_diffusion_3,0.775074480813712,0.6431655545125001,1.426069588931255,0.72,0.02,0.8960827754488269
108,s1_clean,gsp_expected,laplacian,0.7763319631994715,0.657741601941449,1.433561209513765,0.74,0.02,0.9055128854934346
108,s1_clean,gsp_expected,static_raw,0.7703926403998903,0.6535939081135473,1.4325557427811584,0.75,0.02,0.9178388343803088
108,s2_wifi_degraded,adaptive,adaptive_fusion,0.4959348446759344,0.4067043014157165,0.9025222903796032,0.92,0.0,0.4416297914317006
108,s2_wifi_degraded,baseline,static_fusion,0.4959348446759344,0.4067043014157165,0.9025222903796032,0.92,0.0,0.4416297914317006
108,s2_wifi_degraded,baseline,vlp_only,0.4964121616511916,0.4067043014157165,0.9025222903796032,0.92,0.0,0.4416297914317006
108,s2_wifi_degraded,baseline,wifi_only,2.846030275237948,1.924011186536457,6.237242316360674,0.19,0.47,3.845316791426728
108,s2_wifi_degraded,dsp_static,static_fusion_ema,0.6166095760976849,0.5505523716338931,1.12218923262929,0.85,0.0,0.3953087163041561
108,s2_wifi_degraded,dsp_static,static_fusion_median,0.6924981451045541,0.6773320027913484,1.1957719910520084,0.77,0.0,0.3869407655491441
108,s2_wifi_degraded,dsp_static,static_fusion_moving_average,0.7021646749806598,0.6819623738331658,1.2022537295802431,0.76,0.0,0.389391681580652
108,s2_wifi_degraded,dsp_static,static_fusion_raw,0.4959348446759344,0.4067043014157165,0.9025222903796032,0.92,0.0,0.4416297914317006
108,s2_wifi_degraded,gsp_expected,graph_diffusion_1,1.312553223885659,0.946300030065778,2.4860134089866786,0.52,0.21,1.6288793696263706
108,s2_wifi_degraded,gsp_expected,graph_diffusion_3,1.2956880918620035,0.9415898558443484,2.442415274415972,0.52,0.2,1.5699114866434185
108,s2_wifi_degraded,gsp_expected,laplacian,1.3281436491249183,0.965357951842896,2.5513691555381497,0.51,0.21,1.6456932493897003
108,s2_wifi_degraded,gsp_expected,static_raw,1.329153149476432,0.9649655824158148,2.54289218230841,0.51,0.21,1.670127655737812
108,s3_vlp_blocked,adaptive,adaptive_fusion,0.7571902146733581,0.5350711896001165,1.5340719692752356,0.75,0.05,0.6106655639565082
108,s3_vlp_blocked,baseline,static_fusion,1.0216517730113637,0.5505039268193996,2.469121534743518,0.69,0.15,1.2582626103205612
108,s3_vlp_blocked,baseline,vlp_only,1.0216517730113637,0.5505039268193996,2.469121534743518,0.69,0.15,1.2582626103205612
108,s3_vlp_blocked,baseline,wifi_only,1.6057848105377992,1.212133047379237,3.061616909044807,0.4,0.26,2.309216523699529
108,s3_vlp_blocked,dsp_static,static_fusion_ema,1.0017350279367654,0.8012774202635555,1.997177943957736,0.6,0.1,0.6544688602384225
108,s3_vlp_blocked,dsp_static,static_fusion_median,0.8877514570677851,0.7583415238005874,1.7136601656138557,0.65,0.06,0.5880126277229801
108,s3_vlp_blocked,dsp_static,static_fusion_moving_average,1.0365063679041606,0.8708153188408896,2.0107290474178865,0.55,0.11,0.5468238678193077
108,s3_vlp_blocked,dsp_static,static_fusion_raw,1.0216517730113637,0.5505039268193996,2.469121534743518,0.69,0.15,1.2582626103205612
108,s3_vlp_blocked,gsp_expected,graph_diffusion_1,1.0061501289990182,0.8192676248128947,1.9129644441712463,0.57,0.09,1.2770560406146447
108,s3_vlp_blocked,gsp_expected,graph_diffusion_3,1.0063287242686123,0.8506341106535988,1.947902277134224,0.59,0.09,1.2427053882215855
108,s3_vlp_blocked,gsp_expected,laplacian,1.0137480675500676,0.8369145384030625,1.9156762966332277,0.57,0.09,1.2762052670189497
108,s3_vlp_blocked,gsp_expected,static_raw,1.0095852284101217,0.8140382359556082,1.91328054247923,0.57,0.09,1.297384883147466
108,s4_mixed_dynamic,adaptive,adaptive_fusion,0.7417983740278877,0.4649716225849805,1.5340719692752356,0.8,0.08,0.5995822767704763
108,s4_mixed_dynamic,baseline,static_fusion,0.903456356659818,0.4792958777300187,2.618077139978205,0.77,0.12,0.9921809502015386
108,s4_mixed_dynamic,baseline,vlp_only,0.903456356659818,0.4792958777300187,2.618077139978205,0.77,0.12,0.9921809502015386
108,s4_mixed_dynamic,baseline,wifi_only,2.532087399753654,1.6523214202194618,5.906492174024456,0.28,0.44,3.660133546748223
108,s4_mixed_dynamic,dsp_static,static_fusion_ema,0.8418153890743026,0.6743512009688484,1.6769908126815984,0.72,0.07,0.5391737737498055
108,s4_mixed_dynamic,dsp_static,static_fusion_median,0.9255699500197008,0.7731512437907422,1.5638626285381605,0.65,0.08,0.5941548102251152
108,s4_mixed_dynamic,dsp_static,static_fusion_moving_average,0.9346709260766032,0.7585488010620813,1.651234946294971,0.64,0.06,0.4937740102212802
108,s4_mixed_dynamic,dsp_static,static_fusion_raw,0.903456356659818,0.4792958777300187,2.618077139978205,0.77,0.12,0.9921809502015386
108,s4_mixed_dynamic,gsp_expected,graph_diffusion_1,1.300913202810532,1.02469050728577,2.5061666378354737,0.5,0.22,1.66491453480105
108,s4_mixed_dynamic,gsp_expected,graph_diffusion_3,1.285987109329635,0.9889195083359268,2.499240087930163,0.51,0.22,1.6032087107165904
108,s4_mixed_dynamic,gsp_expected,laplacian,1.3170661294834003,1.0402933622859898,2.552076037891838,0.48,0.22,1.6776963816468942
108,s4_mixed_dynamic,gsp_expected,static_raw,1.315538941748107,1.056655774620185,2.5693404971986338,0.47,0.21,1.7043483943470692
109,s1_clean,adaptive,adaptive_fusion,0.4925168043935308,0.4510087370280919,0.8135242361152286,0.95,0.0,0.423227221581936
109,s1_clean,baseline,static_fusion,0.4945196948880321,0.451383522110603,0.8135242361152286,0.95,0.0,0.423227221581936
109,s1_clean,baseline,vlp_only,0.4925168043935308,0.4510087370280919,0.8135242361152286,0.95,0.0,0.423227221581936
109,s1_clean,baseline,wifi_only,1.2682196614310002,1.1875687188363708,2.235195113943011,0.43,0.17,1.588035040495766
109,s1_clean,dsp_static,static_fusion_ema,0.6459418473229693,0.6324045124134203,1.020581999150318,0.88,0.0,0.3399682247423473
109,s1_clean,dsp_static,static_fusion_median,0.7130100816311302,0.6772501937027294,1.1498296000503885,0.8,0.0,0.3399682247423473
109,s1_clean,dsp_static,static_fusion_moving_average,0.673979618807801,0.6523380564352889,1.126489533312792,0.84,0.0,0.319766204540327
109,s1_clean,dsp_static,static_fusion_raw,0.4945196948880321,0.451383522110603,0.8135242361152286,0.95,0.0,0.423227221581936
109,s1_clean,gsp_expected,graph_diffusion_1,0.663587386000334,0.580539297838112,1.335907768618873,0.83,0.01,0.7944789139240616
109,s1_clean,gsp_expected,graph_diffusion_3,0.6790367048963236,0.5829021979888697,1.3988351047627934,0.8,0.01,0.7807794818291925
109,s1_clean,gsp_expected,laplacian,0.6597986669018217,0.5697155936633935,1.3324684099339503,0.83,0.01,0.7901350427080778
109,s1_clean,gsp_expected,static_raw,0.6546911549530665,0.5772788347130253,1.2819486557746076,0.83,0.01,0.8010110251691359
109,s2_wifi_degraded,adaptive,adaptive_fusion,0.4763581922950312,0.4556255145190814,0.7537213914404401,0.98,0.0,0.5124032531450289
109,s2_wifi_degraded,baseline,static_fusion,0.4743553018005298,0.4511869862249942,0.7537213914404401,0.98,0.0,0.5124032531450289
109,s2_wifi_degraded,baseline,vlp_only,0.4763581922950312,0.4556255145190814,0.7537213914404401,0.98,0.0,0.5124032531450289
109,s2_wifi_degraded,baseline,wifi_only,1.9521664153296825,1.4754949765317806,4.14104797538145,0.38,0.42,2.7487973670511696
109,s2_wifi_degraded,dsp_static,static_fusion_ema,0.641634511432627,0.6266711708644721,1.062458605976083,0.87,0.0,0.3197662045403271
109,s2_wifi_degraded,dsp_static,static_fusion_median,0.6767851929064791,0.645896350950499,1.1469758658737954,0.84,0.0,0.3525201508748652
109,s2_wifi_degraded,dsp_static,static_fusion_moving_average,0.6938664044978001,0.6629430102363971,1.1280298163631026,0.84,0.0,0.3399682247423473
109,s2_wifi_degraded,dsp_static,static_fusion_raw,0.4743553018005298,0.4511869862249942,0.7537213914404401,0.98,0.0,0.5124032531450289
109,s2_wifi_degraded,gsp_expected,graph_diffusion_1,0.994070527634964,0.734126033743651,1.9544432232795508,0.6,0.1,1.2819094501055968
109,s2_wifi_degraded,gsp_expected,graph_diffusion_3,1.0042174112236846,0.7493039353527529,1.974522323052332,0.6,0.1,1.250714223394651
109,s2_wifi_degraded,gsp_expected,laplacian,0.990382225366258,0.7296924540600851,1.9497948604926012,0.6,0.09,1.2770215420381086
109,s2_wifi_degraded,gsp_expected,static_raw,0.9878024482592818,0.7241965948471398,1.92587454671235,0.61,0.09,1.2985102805814148
109,s3_vlp_blocked,adaptive,adaptive_fusion,0.8962719876993859,0.5458004859604593,1.3634667129869438,0.79,0.07,0.7069202530433477
109,s3_vlp_blocked,baseline,static_fusion,1.1310597482339986,0.5514225688335391,3.391417749612212,0.74,0.16,1.2632598963005135
109,s3_vlp_blocked,baseline,vlp_only,1.1310597482339986,0.5514225688335391,3.391417749612212,0.74,0.16,1.2632598963005135
109,s3_vlp_blocked,baseline,wifi_only,1.2331413387219328,1.1297383976794904,2.2655556130052426,0.44,0.17,1.695070291567684
109,s3_vlp_blocked,dsp_static,static_fusion_ema,0.8288188607852125,0.6934384201331374,1.4771122539806834,0.7,0.02,0.4813823661564887
109,s3_vlp_blocked,dsp_static,static_fusion_median,1.0237694114276588,0.7106379410986308,1.3983694345478923,0.68,0.07,0.6242532816923618
109,s3_vlp_blocked,dsp_static,static_fusion_moving_average,0.856121549377131,0.7106379410986308,1.5146597498448635,0.68,0.03,0.5318874166615393
109,s3_vlp_blocked,dsp_static,static_fusion_raw,1.1310597482339986,0.5514225688335391,3.391417749612212,0.74,0.16,1.2632598963005135
109,s3_vlp_blocked,gsp_expected,graph_diffusion_1,0.8919492575834461,0.7481237207133934,1.865671864200244,0.63,0.08,1.0889805333652869
109,s3_vlp_blocked,gsp_expected,graph_diffusion_3,0.8999832830095913,0.7463379013934652,1.8561934057429328,0.63,0.07,1.0639177911461366
109,s3_vlp_blocked,gsp_expected,laplacian,0.8900263964781914,0.7460981278304967,1.8654595272512275,0.65,0.08,1.084895833216556
109,s3_vlp_blocked,gsp_expected,static_raw,0.8878460570138463,0.7489248368803301,1.8941841885207085,0.65,0.09,1.1024091728470855
109,s4_mixed_dynamic,adaptive,adaptive_fusion,0.7056279678654559,0.5058201488398952,1.118950043074778,0.86,0.04,0.6593863650920098
109,s4_mixed_dynamic,baseline,static_fusion,0.9602574096650468,0.5234331623674585,2.909444467456893,0.78,0.12,1.257151782999363
109,s4_mixed_dynamic,baseline,vlp_only,0.9602574096650468,0.5234331623674585,2.909444467456893,0.78,0.12,1.257151782999363
109,s4_mixed_dynamic,baseline,wifi_only,1.96467417657331,1.4233352369337295,4.085492780987752,0.35,0.35,2.7742452278980463
109,s4_mixed_dynamic,dsp_static,static_fusion_ema,0.8082544875819636,0.684476497683818,1.4027661053588254,0.73,0.02,0.5444393427940573
109,s4_mixed_dynamic,dsp_static,static_fusion_median,0.8522749373117451,0.684476497683818,1.2548924426554164,0.77,0.04,0.6266988097637292
109,s4_mixed_dynamic,dsp_static,static_fusion_moving_average,0.8330780315435434,0.7004123468547068,1.4012349078447686,0.75,0.03,0.6345366859561692
109,s4_mixed_dynamic,dsp_static,static_fusion_raw,0.9602574096650468,0.5234331623674585,2.909444467456893,0.78,0.12,1.257151782999363
109,s4_mixed_dynamic,gsp_expected,graph_diffusion_1,1.1098985509909247,0.8016924286874437,2.255713040342397,0.6,0.13,1.4499937449099822
109,s4_mixed_dynamic,gsp_expected,graph_diffusion_3,1.1092327311575794,0.8017781041772113,2.202524860091275,0.56,0.12,1.414546852973562
109,s4_mixed_dynamic,gsp_expected,laplacian,1.1110038143034315,0.7997067025105682,2.2586783754447795,0.6,0.14,1.450188091446965
109,s4_mixed_dynamic,gsp_expected,static_raw,1.1125917233325766,0.7809249504665785,2.2739476946315484,0.6,0.14,1.471435457093057
110,s1_clean,adaptive,adaptive_fusion,0.4861703279828714,0.3582000033520425,1.1018188864454015,0.88,0.0,0.4751015944517487
110,s1_clean,baseline,static_fusion,0.4861703279828714,0.3582000033520425,1.1018188864454015,0.88,0.0,0.4751015944517487
110,s1_clean,baseline,vlp_only,0.4861703279828714,0.3582000033520425,1.1018188864454015,0.88,0.0,0.4751015944517487
110,s1_clean,baseline,wifi_only,1.448580931319325,1.0921456024459248,2.7750743083324587,0.45,0.2,2.0982591506874764
110,s1_clean,dsp_static,static_fusion_ema,0.758746526296345,0.7099676628613343,1.3870670889367702,0.7,0.0,0.4725842874139832
110,s1_clean,dsp_static,static_fusion_median,0.6994116901275198,0.6778033109212738,1.2461217740339656,0.81,0.0,0.4507155988722225
110,s1_clean,dsp_static,static_fusion_moving_average,0.7893011360560975,0.7588039156450413,1.3908025624934168,0.7,0.0,0.4911196392762629
110,s1_clean,dsp_static,static_fusion_raw,0.4861703279828714,0.3582000033520425,1.1018188864454015,0.88,0.0,0.4751015944517487
110,s1_clean,gsp_expected,graph_diffusion_1,0.6330065995885876,0.5659050437060018,1.0592110918933144,0.86,0.01,0.7773803443827789
110,s1_clean,gsp_expected,graph_diffusion_3,0.627804193062487,0.55573986434877,1.059703394547845,0.86,0.01,0.7608272424982468
110,s1_clean,gsp_expected,laplacian,0.6323237609046968,0.5745710086912176,1.0569033365535614,0.86,0.01,0.7744753542123392
110,s1_clean,gsp_expected,static_raw,0.6362738186404495,0.5771073599269076,1.0668549427439664,0.86,0.01,0.787066706718577
110,s2_wifi_degraded,adaptive,adaptive_fusion,0.5447942701200942,0.3688712161570558,1.3696263897661525,0.82,0.01,0.564211235008584
110,s2_wifi_degraded,baseline,static_fusion,0.552765095746507,0.3688712161570558,1.3696263897661525,0.82,0.02,0.5238071946045436
110,s2_wifi_degraded,baseline,vlp_only,0.5447942701200942,0.3688712161570558,1.3696263897661525,0.82,0.01,0.564211235008584
110,s2_wifi_degraded,baseline,wifi_only,1.8742321413013427,1.5605258829322572,3.1931128486010314,0.27,0.38,2.447189064470793
110,s2_wifi_degraded,dsp_static,static_fusion_ema,0.7486179198672531,0.6916305033234154,1.3870670889367702,0.71,0.0,0.4869356638987568
110,s2_wifi_degraded,dsp_static,static_fusion_median,0.7447521541261984,0.7295060880628592,1.3185140941506492,0.74,0.0,0.4769010448040043
110,s2_wifi_degraded,dsp_static,static_fusion_moving_average,0.7864551990372928,0.7588039156450413,1.3870670889367702,0.7,0.0,0.4893865799302648
110,s2_wifi_degraded,dsp_static,static_fusion_raw,0.552765095746507,0.3688712161570558,1.3696263897661525,0.82,0.02,0.5238071946045436
110,s2_wifi_degraded,gsp_expected,graph_diffusion_1,0.909168312533712,0.8537700961567427,1.585025494939904,0.65,0.03,1.1338771908749066
110,s2_wifi_degraded,gsp_expected,graph_diffusion_3,0.8947821648045289,0.8155501124770823,1.557150160233861,0.65,0.03,1.1074146105430265
110,s2_wifi_degraded,gsp_expected,laplacian,0.9078981856303996,0.8451453433241394,1.584978917167519,0.65,0.03,1.131092886280169
110,s2_wifi_degraded,gsp_expected,static_raw,0.9177079334829286,0.8553658878288546,1.5891908747765466,0.64,0.04,1.1487410526335198
110,s3_vlp_blocked,adaptive,adaptive_fusion,0.9277165923998372,0.6475632681343501,2.121812772107643,0.63,0.14,0.759101642059404
110,s3_vlp_blocked,baseline,static_fusion,1.285807318696509,0.7873266649449158,3.403587645849232,0.56,0.24,1.668817989307467
110,s3_vlp_blocked,baseline,vlp_only,1.285807318696509,0.7873266649449158,3.403587645849232,0.56,0.24,1.668817989307467
110,s3_vlp_blocked,baseline,wifi_only,1.269949311742513,1.1599074834741256,2.4242677213657604,0.46,0.16,1.71683384083647
110,s3_vlp_blocked,dsp_static,static_fusion_ema,1.1476543370125256,1.1402655287118153,2.1074691899165456,0.43,0.14,0.6226324154160314
110,s3_vlp_blocked,dsp_static,static_fusion_median,1.0737946493522608,0.899467650135656,2.121812772107643,0.53,0.15,0.7648583947151816
110,s3_vlp_blocked,dsp_static,static_fusion_moving_average,1.231335841359276,1.1714625337584903,2.1621356418163447,0.42,0.19,0.6678124566861807
110,s3_vlp_blocked,dsp_static,static_fusion_raw,1.285807318696509,0.7873266649449158,3.403587645849232,0.56,0.24,1.668817989307467
110,s3_vlp_blocked,gsp_expected,graph_diffusion_1,0.8862899503619951,0.6275107617884175,2.024159707416621,0.67,0.11,1.1779787104583792
110,s3_vlp_blocked,gsp_expected,graph_diffusion_3,0.8684326221310518,0.617439717068041,1.9289992369726443,0.68,0.1,1.1424500205713402
110,s3_vlp_blocked,gsp_expected,laplacian,0.8878613022389419,0.6327682704882986,2.0121366261518823,0.67,0.1,1.177966829563357
110,s3_vlp_blocked,gsp_expected,static_raw,0.898159360472141,0.6313247367609857,2.001621073050514,0.67,0.1,1.1995182224155445
110,s4_mixed_dynamic,adaptive,adaptive_fusion,0.6236938023513293,0.4244652447947794,1.3870670889367702,0.78,0.0,0.4868692728924993
110,s4_mixed_dynamic,baseline,static_fusion,0.9061367323591766,0.4461087220159082,2.2420607744890737,0.71,0.13,1.1485295625363978
110,s4_mixed_dynamic,baseline,vlp_only,0.9061367323591766,0.4461087220159082,2.2420607744890737,0.71,0.13,1.1485295625363978
110,s4_mixed_dynamic,baseline,wifi_only,2.1969825870147246,1.5517277503949596,4.847917228527453,0.32,0.38,2.926187712036869
110,s4_mixed_dynamic,dsp_static,static_fusion_ema,0.9572728348184232,0.745440533265986,1.9362184181917077,0.59,0.09,0.5686650563058568
110,s4_mixed_dynamic,dsp_static,static_fusion_median,0.8074003275232393,0.7588039156450413,1.4015657536198032,0.68,0.01,0.4120446178141801
110,s4_mixed_dynamic,dsp_static,static_fusion_moving_average,0.9505707429979304,0.8674404383272809,1.7400674013402264,0.58,0.07,0.5307119319333244
110,s4_mixed_dynamic,dsp_static,static_fusion_raw,0.9061367323591766,0.4461087220159082,2.2420607744890737,0.71,0.13,1.1485295625363978
110,s4_mixed_dynamic,gsp_expected,graph_diffusion_1,1.130483081124541,0.8572179879201502,2.2650416426490945,0.54,0.13,1.475763455984756
110,s4_mixed_dynamic,gsp_expected,graph_diffusion_3,1.106472926919878,0.8413292189092192,2.2785352963049785,0.55,0.12,1.433201333802964
110,s4_mixed_dynamic,gsp_expected,laplacian,1.131850422054488,0.8574896028202698,2.2529071185776224,0.54,0.14,1.4781088652961067
110,s4_mixed_dynamic,gsp_expected,static_raw,1.1447566672536105,0.8908519785098596,2.253573051401407,0.55,0.16,1.5011178044987177
