t,scenario,true_x,true_y,wifi_degraded,vlp_blocked,mixed_dynamic,method,pred_cell_id,pred_x,pred_y,max_prob,action,wifi_source,vlp_source,wifi_reliability,vlp_reliability,p_adaptive_peak,p_adaptive_entropy,weight_wifi,weight_vlp,weight_graph
0,s1_clean,3.50146586178358,2.794545781008381,False,False,False,adaptive_fusion,23,3.5,2.5,0.7830529597950207,vlp_heavy,raw,raw,0.10320114704593919,0.9999999993006209,0.7830529597950207,1.0787625723906418,0.15,0.75,0.1
1,s1_clean,3.8334314692961406,3.0879105600798664,False,False,False,adaptive_fusion,33,3.5,3.5,0.7790330365373739,vlp_heavy,raw,raw,0.08004287016312318,0.9999999993006208,0.7790330365373739,1.1252171643871591,0.15,0.75,0.1
2,s1_clean,4.0456173120900445,3.1263296245930507,False,False,False,adaptive_fusion,33,3.5,3.5,0.5852666640968058,vlp_heavy,raw,raw,0.09364272412821205,0.6495344924107647,0.5852666640968058,1.4296634846694563,0.15,0.75,0.1
3,s1_clean,4.42592581634721,3.113695449768073,False,False,False,adaptive_fusion,24,4.5,2.5,0.7813211162772816,vlp_heavy,raw,raw,0.05069802930506576,0.9999999993006208,0.7813211162772816,1.1825869298402238,0.15,0.75,0.1
4,s1_clean,4.708255729915193,3.19039433570727,False,False,False,adaptive_fusion,34,4.5,3.5,0.8086846394303605,vlp_heavy,raw,raw,0.08054435629227426,0.9999999993006208,0.8086846394303605,1.022298793969719,0.15,0.75,0.1
5,s1_clean,4.978762662726669,3.137730843885924,False,False,False,adaptive_fusion,34,4.5,3.5,0.805775725406271,vlp_heavy,raw,raw,0.07606362746738472,0.9999999993006208,0.805775725406271,1.0197017249875509,0.15,0.75,0.1
6,s1_clean,5.202025987228208,3.1529819162085304,False,False,False,adaptive_fusion,35,5.5,3.5,0.7998577983565508,vlp_heavy,raw,raw,0.08393662504414467,0.9999999993006208,0.7998577983565508,1.042145041446532,0.15,0.75,0.1
7,s1_clean,5.347337808465035,3.292281793156062,False,False,False,adaptive_fusion,35,5.5,3.5,0.7936388091175373,vlp_heavy,raw,raw,0.08380123036465595,0.9999999993006208,0.7936388091175373,1.0735034597072313,0.15,0.75,0.1
8,s1_clean,5.716827179474,3.58088982297864,False,False,False,adaptive_fusion,35,5.5,3.5,0.7930345407774448,vlp_heavy,raw,raw,0.07223660036226788,0.9999999993006208,0.7930345407774448,1.0897498367363763,0.15,0.75,0.1
9,s1_clean,5.862414412197704,3.68421178879823,False,False,False,adaptive_fusion,35,5.5,3.5,0.790318113599175,vlp_heavy,raw,raw,0.08917133570811185,0.9999999993006208,0.790318113599175,1.0758424393284882,0.15,0.75,0.1
10,s1_clean,6.2621648807209205,3.865009897723677,False,False,False,adaptive_fusion,46,6.5,4.5,0.7851401351106361,vlp_heavy,raw,raw,0.05145200727485492,0.9999999991948539,0.7851401351106361,1.1892902922733053,0.15,0.75,0.1
11,s1_clean,6.386402797469953,4.000359969380765,False,False,False,adaptive_fusion,46,6.5,4.5,0.7740327207191487,vlp_heavy,raw,raw,0.07646844186536778,0.9999999993006208,0.7740327207191487,1.1607036581772132,0.15,0.75,0.1
12,s1_clean,6.486403725025359,4.131792507959473,False,False,False,adaptive_fusion,46,6.5,4.5,0.782074606554906,vlp_heavy,raw,raw,0.09014219206776523,0.9999999993006208,0.782074606554906,1.10784068301822,0.15,0.75,0.1
13,s1_clean,6.594101310260236,4.146666699824417,False,False,False,adaptive_fusion,47,7.5,4.5,0.8036462229753434,vlp_heavy,raw,raw,0.0720596155891017,0.9999999309106907,0.8036462229753434,1.0238591247472342,0.15,0.75,0.1
14,s1_clean,6.938536691705024,4.190811224101229,False,False,False,adaptive_fusion,47,7.5,4.5,0.7831759504907401,vlp_heavy,raw,raw,0.08131076723259309,0.9999999993006208,0.7831759504907401,1.1202734294504835,0.15,0.75,0.1
15,s1_clean,7.095444556622987,4.3190830854397095,False,False,False,adaptive_fusion,47,7.5,4.5,0.7804854148357424,vlp_heavy,raw,raw,0.07498138781275393,0.9999999993006208,0.7804854148357424,1.2059602719409448,0.15,0.75,0.1
16,s1_clean,7.322508343984496,4.588300078241882,False,False,False,adaptive_fusion,47,7.5,4.5,0.8025763164696091,vlp_heavy,raw,raw,0.06871635934074455,0.9999999993006208,0.8025763164696091,1.029663066798995,0.15,0.75,0.1
17,s1_clean,7.446193242310456,4.675563891349093,False,False,False,adaptive_fusion,47,7.5,4.5,0.7924336251382484,vlp_heavy,raw,raw,0.06679319164129228,0.9999999992779145,0.7924336251382484,1.0774466747382618,0.15,0.75,0.1
18,s1_clean,7.634031718409139,4.77391982605946,False,False,False,adaptive_fusion,47,7.5,4.5,0.7741828485733601,vlp_heavy,raw,raw,0.11077570586716262,0.9999999940873945,0.7741828485733601,1.146918225825508,0.15,0.75,0.1
19,s1_clean,7.862727723450558,4.97492979510894,False,False,False,adaptive_fusion,57,7.5,5.5,0.7817804223640568,vlp_heavy,raw,raw,0.06354247952014752,0.9569975379231246,0.7817804223640568,1.1197948627516225,0.15,0.75,0.1
20,s1_clean,7.939266457295782,5.129541394281456,False,False,False,adaptive_fusion,58,8.5,5.5,0.7595357043977039,vlp_heavy,raw,raw,0.06860362673630142,0.9161694936552799,0.7595357043977039,1.1604547421274107,0.15,0.75,0.1
21,s1_clean,8.011102297567714,5.276303396065385,False,False,False,adaptive_fusion,57,7.5,5.5,0.5295440689240504,vlp_heavy,raw,raw,0.06797779932019507,0.5623796919142213,0.5295440689240504,1.475648133963374,0.15,0.75,0.1
22,s1_clean,8.343062278059984,5.445902988798278,False,False,False,adaptive_fusion,58,8.5,5.5,0.7902557119914474,vlp_heavy,raw,raw,0.07547182221748581,0.9992632570218609,0.7902557119914474,1.0672999011662199,0.15,0.75,0.1
23,s1_clean,8.52052164720882,5.6027346910434765,False,False,False,adaptive_fusion,58,8.5,5.5,0.8083743919875312,vlp_heavy,raw,raw,0.0889325769238731,0.9999999986023809,0.8083743919875312,0.975346372472616,0.15,0.75,0.1
24,s1_clean,8.840063415262575,5.876328672083288,False,False,False,adaptive_fusion,58,8.5,5.5,0.7996601255920557,vlp_heavy,raw,raw,0.0696894100015499,0.9999988123842161,0.7996601255920557,1.0208307723079706,0.15,0.75,0.1
25,s1_clean,9.133542118122302,6.275738550131283,False,False,False,adaptive_fusion,69,9.5,6.5,0.7972617359230987,vlp_heavy,raw,raw,0.1394489106428361,0.9999999993006207,0.7972617359230987,0.9269728948250466,0.15,0.75,0.1
26,s1_clean,9.35618800793218,6.65718067016028,False,False,False,adaptive_fusion,69,9.5,6.5,0.7976690863543663,vlp_heavy,raw,raw,0.12775606902997313,0.9999999993006207,0.7976690863543663,0.9370075378497555,0.15,0.75,0.1
27,s1_clean,9.561103088027537,7.107641397521033,False,False,False,adaptive_fusion,79,9.5,7.5,0.773877851707472,vlp_heavy,raw,raw,0.07757606092212907,0.9999999993006207,0.773877851707472,1.1830908473683286,0.15,0.75,0.1
28,s1_clean,9.62294450389752,7.287936096739562,False,False,False,adaptive_fusion,79,9.5,7.5,0.7945720371931697,vlp_heavy,raw,raw,0.2592875497909473,0.9999999993006207,0.7945720371931697,0.876799270457862,0.15,0.75,0.1
29,s1_clean,9.567042849149868,7.590650497286169,False,False,False,adaptive_fusion,79,9.5,7.5,0.8105710585915276,vlp_heavy,raw,raw,0.08187619269029583,0.9999999989757509,0.8105710585915276,0.9957948143313253,0.15,0.75,0.1
30,s1_clean,9.368809486427658,7.926124173973704,False,False,False,adaptive_fusion,89,9.5,8.5,0.6632979296758681,vlp_heavy,raw,raw,0.05194292069003798,0.7376906109785032,0.6632979296758681,1.3601785944077762,0.15,0.75,0.1
31,s1_clean,9.317903367352146,8.04732779879347,False,False,False,adaptive_fusion,89,9.5,8.5,0.4625560166208253,vlp_heavy,raw,raw,0.14660120113793348,0.49199405119585354,0.4625560166208253,1.492389087027794,0.15,0.75,0.1
32,s1_clean,9.186332412855084,8.43241929333643,False,False,False,adaptive_fusion,89,9.5,8.5,0.7817766246453383,vlp_heavy,raw,raw,0.07343191405913067,0.9984232815976414,0.7817766246453383,1.1094203986784439,0.15,0.75,0.1
33,s1_clean,9.112727671229193,8.796655767469591,False,False,False,adaptive_fusion,89,9.5,8.5,0.7742550532981205,vlp_heavy,raw,raw,0.07620342633330886,0.9851569723167654,0.7742550532981205,1.1412503092375506,0.15,0.75,0.1
34,s1_clean,9.270799859312152,9.22745450829668,False,False,False,adaptive_fusion,89,9.5,8.5,0.7712266756569802,vlp_heavy,raw,raw,0.12766156523139244,0.9198176183043445,0.7712266756569802,1.0568965298785713,0.15,0.75,0.1
35,s1_clean,9.423420837008932,9.422997081607893,False,False,False,adaptive_fusion,99,9.5,9.5,0.8519674116054606,vlp_heavy,raw,raw,0.2383176841468126,0.9999999993006207,0.8519674116054606,0.729126018949974,0.15,0.75,0.1
36,s1_clean,9.481110661263054,9.62212971253768,False,False,False,adaptive_fusion,99,9.5,9.5,0.8251594688369154,vlp_heavy,raw,raw,0.1251858032824393,0.9999999993006207,0.8251594688369154,0.892229567830127,0.15,0.75,0.1
37,s1_clean,9.541752579513968,9.92203908827878,False,False,False,adaptive_fusion,99,9.5,9.5,0.8039561800468868,vlp_heavy,raw,raw,0.10340171687622517,0.9999999993006207,0.8039561800468868,0.927633956221087,0.15,0.75,0.1
38,s1_clean,9.402562603553038,9.543991147418636,False,False,False,adaptive_fusion,99,9.5,9.5,0.7914515439342655,vlp_heavy,raw,raw,0.07324375581932982,0.9999999993006207,0.7914515439342655,1.0101389339844835,0.15,0.75,0.1
39,s1_clean,9.44479730227728,9.391504817262849,False,False,False,adaptive_fusion,99,9.5,9.5,0.8144311298081885,vlp_heavy,raw,raw,0.16824063757289545,0.9999999993006207,0.8144311298081885,0.8799802303773492,0.15,0.75,0.1
40,s1_clean,9.525454359161255,8.940867722935458,False,False,False,adaptive_fusion,89,9.5,8.5,0.793477769596195,vlp_heavy,raw,raw,0.13968009031776826,0.9973114550097751,0.793477769596195,0.9999223260826845,0.15,0.75,0.1
41,s1_clean,9.823585243977655,8.584999463128653,False,False,False,adaptive_fusion,99,9.5,9.5,0.7950653726733734,vlp_heavy,raw,raw,0.053046032037663476,0.9999999993006207,0.7950653726733734,1.0877910160554576,0.15,0.75,0.1
42,s1_clean,9.694700842723162,8.966546447675274,False,False,False,adaptive_fusion,99,9.5,9.5,0.8202203755434037,vlp_heavy,raw,raw,0.14708876883546437,0.9999999993006207,0.8202203755434037,0.8247475434594256,0.15,0.75,0.1
43,s1_clean,9.569223421271444,9.326938465999294,False,False,False,adaptive_fusion,99,9.5,9.5,0.8610325450312518,vlp_heavy,raw,raw,0.28318270168999526,0.9999999993006207,0.8610325450312518,0.6890377987734714,0.15,0.75,0.1
44,s1_clean,9.534535416987817,9.784343768551336,False,False,False,adaptive_fusion,99,9.5,9.5,0.8435194239388129,vlp_heavy,raw,raw,0.22961836026331817,0.9999999993006207,0.8435194239388129,0.7029696808776206,0.15,0.75,0.1
45,s1_clean,9.54487381028695,9.92332836828298,False,False,False,adaptive_fusion,99,9.5,9.5,0.8380458798296714,vlp_heavy,raw,raw,0.21411001602357718,0.9999999993006207,0.8380458798296714,0.7207887440346689,0.15,0.75,0.1
46,s1_clean,9.558162041417896,9.663482828106742,False,False,False,adaptive_fusion,99,9.5,9.5,0.8262421567150882,vlp_heavy,raw,raw,0.13494962558278462,0.9999999993006207,0.8262421567150882,0.8432135373634055,0.15,0.75,0.1
47,s1_clean,9.5646528065164,9.424365913186056,False,False,False,adaptive_fusion,99,9.5,9.5,0.7848125806873338,vlp_heavy,raw,raw,0.05735548890096099,0.9999999993006207,0.7848125806873338,1.1273757763672876,0.15,0.75,0.1
48,s1_clean,9.50103939557558,9.114055937821927,False,False,False,adaptive_fusion,99,9.5,9.5,0.8168561311250868,vlp_heavy,raw,raw,0.18069515614568407,0.9999997712488612,0.8168561311250868,0.8573394196162563,0.15,0.75,0.1
49,s1_clean,9.414656161118282,8.731094504017625,False,False,False,adaptive_fusion,89,9.5,8.5,0.7953487652146987,vlp_heavy,raw,raw,0.10074120827503712,0.9999802628521592,0.7953487652146987,0.9943734877261955,0.15,0.75,0.1
50,s1_clean,9.21633605588256,8.49062670552971,False,False,False,adaptive_fusion,89,9.5,8.5,0.8257522871091899,vlp_heavy,raw,raw,0.17278542681513623,0.9999588143857784,0.8257522871091899,0.794115910812373,0.15,0.75,0.1
51,s1_clean,9.11760935449355,8.438577566893754,False,False,False,adaptive_fusion,89,9.5,8.5,0.7803889087039013,vlp_heavy,raw,raw,0.04844917438986177,0.9999875063282525,0.7803889087039013,1.1868269427619191,0.15,0.75,0.1
52,s1_clean,8.922779282926651,8.205081914366874,False,False,False,adaptive_fusion,88,8.5,8.5,0.7820127055453757,vlp_heavy,raw,raw,0.1270977693876392,0.9999999246975957,0.7820127055453757,1.0156646851132192,0.15,0.75,0.1
53,s1_clean,8.733693244154269,8.016610598714413,False,False,False,adaptive_fusion,88,8.5,8.5,0.8037691579111018,vlp_heavy,raw,raw,0.08782174091660588,0.9957614475170923,0.8037691579111018,1.007894092374354,0.15,0.75,0.1
54,s1_clean,8.604067606013617,7.71418254806786,False,False,False,adaptive_fusion,78,8.5,7.5,0.7737460495218017,vlp_heavy,raw,raw,0.15716803804344642,0.9999989825700912,0.7737460495218017,1.1006423038123665,0.15,0.75,0.1
55,s1_clean,8.380292121918876,7.508518197183664,False,False,False,adaptive_fusion,78,8.5,7.5,0.7872526773104691,vlp_heavy,raw,raw,0.06878094888760762,0.9999995180123462,0.7872526773104691,1.1008622235587615,0.15,0.75,0.1
56,s1_clean,8.261298236940235,7.032237617033076,False,False,False,adaptive_fusion,78,8.5,7.5,0.7794881776275846,vlp_heavy,raw,raw,0.06577943797025353,0.9999999921242643,0.7794881776275846,1.1554264877525489,0.15,0.75,0.1
57,s1_clean,8.367834526148913,6.700942345233571,False,False,False,adaptive_fusion,68,8.5,6.5,0.7863436307569787,vlp_heavy,raw,raw,0.07065354805125465,0.9999999993006207,0.7863436307569787,1.0771985669091304,0.15,0.75,0.1
58,s1_clean,8.353958878788386,6.494196804329148,False,False,False,adaptive_fusion,68,8.5,6.5,0.7986334843985029,vlp_heavy,raw,raw,0.05236490777127472,0.9999886434518389,0.7986334843985029,1.091761841891509,0.15,0.75,0.1
59,s1_clean,8.336546429042226,6.293616283957347,False,False,False,adaptive_fusion,68,8.5,6.5,0.7921010787732949,vlp_heavy,raw,raw,0.0787537354200324,0.9999999987081586,0.7921010787732949,1.083376724499105,0.15,0.75,0.1
60,s1_clean,8.40346815147133,6.116995442632617,False,False,False,adaptive_fusion,69,9.5,6.5,0.7830579621910275,vlp_heavy,raw,raw,0.08241519804121371,0.9999999993006207,0.7830579621910275,1.0883679790411496,0.15,0.75,0.1
61,s1_clean,8.546844700935843,5.924881887661858,False,False,False,adaptive_fusion,69,9.5,6.5,0.7802342318557335,vlp_heavy,raw,raw,0.06300543308484653,0.9999999993006207,0.7802342318557335,1.1315685814135894,0.15,0.75,0.1
62,s1_clean,8.729904160776496,5.547744951919951,False,False,False,adaptive_fusion,58,8.5,5.5,0.78069368506453,vlp_heavy,raw,raw,0.2006257702166549,0.9999999993006208,0.78069368506453,1.0317214263468397,0.15,0.75,0.1
63,s1_clean,8.77202584280195,5.143629060389316,False,False,False,adaptive_fusion,59,9.5,5.5,0.7915855772701563,vlp_heavy,raw,raw,0.0726015360534223,0.9999999993006208,0.7915855772701563,1.0504107399407816,0.15,0.75,0.1
64,s1_clean,8.718437609453172,4.97610578105409,False,False,False,adaptive_fusion,49,9.5,4.5,0.7762053949492574,vlp_heavy,raw,raw,0.07495999126721327,0.9999999993006208,0.7762053949492574,1.1337177255765865,0.15,0.75,0.1
65,s1_clean,8.667563530000693,4.866630764710654,False,False,False,adaptive_fusion,49,9.5,4.5,0.8092672595666698,vlp_heavy,raw,raw,0.0907798274616356,0.9999999992742072,0.8092672595666698,0.9672508622430576,0.15,0.75,0.1
66,s1_clean,8.542366419283344,4.760216825616967,False,False,False,adaptive_fusion,48,8.5,4.5,0.8031751535537208,vlp_heavy,raw,raw,0.07540956206170599,0.9999999992566995,0.8031751535537208,0.9979628958057387,0.15,0.75,0.1
67,s1_clean,8.382687489621802,4.499553999003734,False,False,False,adaptive_fusion,48,8.5,4.5,0.7897185902524307,vlp_heavy,raw,raw,0.057912149749726013,0.99999999848052,0.7897185902524307,1.1109600137474713,0.15,0.75,0.1
68,s1_clean,8.31381336958047,4.356990528873265,False,False,False,adaptive_fusion,48,8.5,4.5,0.8071893165666245,vlp_heavy,raw,raw,0.12421455430892059,0.9991319399024237,0.8071893165666245,0.9335531858421015,0.15,0.75,0.1
69,s1_clean,8.173199902177743,4.055129301838792,False,False,False,adaptive_fusion,39,9.5,3.5,0.7875201374098031,vlp_heavy,raw,raw,0.06590650314458775,0.9999999993006208,0.7875201374098031,1.0919099548218747,0.15,0.75,0.1
70,s1_clean,7.958876024659174,3.799783052657366,False,False,False,adaptive_fusion,38,8.5,3.5,0.6896804071219373,vlp_heavy,raw,raw,0.11503171930638192,0.7599361549365614,0.6896804071219373,1.212855174437912,0.15,0.75,0.1
71,s1_clean,7.833669525191001,3.638141757452688,False,False,False,adaptive_fusion,37,7.5,3.5,0.8063163718149099,vlp_heavy,raw,raw,0.13834970614153114,0.9998617691699266,0.8063163718149099,0.9427452428152568,0.15,0.75,0.1
72,s1_clean,7.664684483724226,3.3337804086327285,False,False,False,adaptive_fusion,37,7.5,3.5,0.8127744732579006,vlp_heavy,raw,raw,0.1032359692876845,0.9999970628351617,0.8127744732579006,0.9669124644359189,0.15,0.75,0.1
73,s1_clean,7.325126662205962,3.0900072935102134,False,False,False,adaptive_fusion,37,7.5,3.5,0.8010144554430391,vlp_heavy,raw,raw,0.06437794544373462,0.9999999993006208,0.8010144554430391,1.0540346016026634,0.15,0.75,0.1
74,s1_clean,7.295614884999138,2.9887682845800643,False,False,False,adaptive_fusion,37,7.5,3.5,0.8082324929962778,vlp_heavy,raw,raw,0.08781470359514221,0.9999999993006208,0.8082324929962778,0.9940558142054663,0.15,0.75,0.1
75,s1_clean,7.296351451677773,2.798195708361908,False,False,False,adaptive_fusion,27,7.5,2.5,0.7732740517607414,vlp_heavy,raw,raw,0.08244558082379698,0.9999999993006208,0.7732740517607414,1.1936669654013201,0.15,0.75,0.1
76,s1_clean,7.251642624966383,2.337893241987238,False,False,False,adaptive_fusion,27,7.5,2.5,0.7946500169182968,vlp_heavy,raw,raw,0.199181687883806,0.9999984981162248,0.7946500169182968,0.9259163503289068,0.15,0.75,0.1
77,s1_clean,7.191112638050282,2.11104971712342,False,False,False,adaptive_fusion,27,7.5,2.5,0.7975760096029341,vlp_heavy,raw,raw,0.1598460433085653,0.9870836573410876,0.7975760096029341,0.9670138168674351,0.15,0.75,0.1
78,s1_clean,7.088997127565227,1.8280730412017787,False,False,False,adaptive_fusion,17,7.5,1.5,0.796381108322697,vlp_heavy,raw,raw,0.2845018627250227,0.9999985993593087,0.796381108322697,0.8743395816748791,0.15,0.75,0.1
79,s1_clean,7.114586335383993,1.531713950324241,False,False,False,adaptive_fusion,17,7.5,1.5,0.8143323029206673,vlp_heavy,raw,raw,0.13510143701574492,0.9999999993006209,0.8143323029206673,0.8649016721924147,0.15,0.75,0.1
80,s1_clean,7.170157133048356,1.3067743629177078,False,False,False,adaptive_fusion,17,7.5,1.5,0.7887209002643111,vlp_heavy,raw,raw,0.17236083756120857,0.9999999993006209,0.7887209002643111,0.9592182863487465,0.15,0.75,0.1
81,s1_clean,7.201631077444322,1.1339839347561254,False,False,False,adaptive_fusion,7,7.5,0.5,0.8444535888627119,vlp_heavy,raw,raw,0.2633719931902566,0.9999999993006209,0.8444535888627119,0.7364185018815768,0.15,0.75,0.1
82,s1_clean,7.155776983713249,0.8528139925624313,False,False,False,adaptive_fusion,7,7.5,0.5,0.7914900725221402,vlp_heavy,raw,raw,0.14464684587995683,0.9999999993006209,0.7914900725221402,1.004651346702364,0.15,0.75,0.1
83,s1_clean,6.976127786010122,0.4956267479912126,False,False,False,adaptive_fusion,7,7.5,0.5,0.8315167223259075,vlp_heavy,raw,raw,0.18532581761735153,0.9999999993006209,0.8315167223259075,0.824307085473091,0.15,0.75,0.1
84,s1_clean,6.74255867268218,0.0843728881784015,False,False,False,adaptive_fusion,6,6.5,0.5,0.7816174439212418,vlp_heavy,raw,raw,0.12720763232878746,0.9999999993006209,0.7816174439212418,1.045250148081577,0.15,0.75,0.1
85,s1_clean,7.064294392948221,0.3942671783051067,False,False,False,adaptive_fusion,7,7.5,0.5,0.7907446827743269,vlp_heavy,raw,raw,0.14709460020868184,0.9999981093671277,0.7907446827743269,1.003234527844479,0.15,0.75,0.1
86,s1_clean,7.176188436555574,0.5060043216815018,False,False,False,adaptive_fusion,7,7.5,0.5,0.7885813622785839,vlp_heavy,raw,raw,0.12263902332975289,0.9999999992992763,0.7885813622785839,1.0370903910482396,0.15,0.75,0.1
87,s1_clean,7.307226017604519,0.5668144077417742,False,False,False,adaptive_fusion,7,7.5,0.5,0.8037541889677857,vlp_heavy,raw,raw,0.2141523763150956,0.9999999992845278,0.8037541889677857,0.8718220213869494,0.15,0.75,0.1
88,s1_clean,7.687860172244926,0.7189120364284933,False,False,False,adaptive_fusion,7,7.5,0.5,0.8011628579293415,vlp_heavy,raw,raw,0.2075313403400067,0.9999989323266456,0.8011628579293415,0.8927050344522002,0.15,0.75,0.1
89,s1_clean,7.983386792676343,0.8375621710500243,False,False,False,adaptive_fusion,7,7.5,0.5,0.7882090240974513,vlp_heavy,raw,raw,0.13192513091056207,0.9999991409420509,0.7882090240974513,0.9428017750586072,0.15,0.75,0.1
90,s1_clean,8.256293406597695,0.875446755726633,False,False,False,adaptive_fusion,18,8.5,1.5,0.8160356249751797,vlp_heavy,raw,raw,0.24032920778636976,0.9998333810282218,0.8160356249751797,0.7630564498233636,0.15,0.75,0.1
91,s1_clean,8.425989160054677,0.93045254740169,False,False,False,adaptive_fusion,18,8.5,1.5,0.8187246723070247,vlp_heavy,raw,raw,0.23491405791304562,0.9999999993006209,0.8187246723070247,0.7547087862713479,0.15,0.75,0.1
92,s1_clean,8.863055882305986,1.1231286812777777,False,False,False,adaptive_fusion,8,8.5,0.5,0.7775028981441909,vlp_heavy,raw,raw,0.19420898223016686,0.8985085971121016,0.7775028981441909,0.836069423142842,0.15,0.75,0.1
93,s1_clean,9.23021965860404,1.1465464090231468,False,False,False,adaptive_fusion,19,9.5,1.5,0.8351791556893755,vlp_heavy,raw,raw,0.23993544800804353,0.9999894067196062,0.8351791556893755,0.6800370409829528,0.15,0.75,0.1
94,s1_clean,9.37371170551081,1.169754508811914,False,False,False,adaptive_fusion,19,9.5,1.5,0.8190773617286833,vlp_heavy,raw,raw,0.19415298738802936,0.9989412416893195,0.8190773617286833,0.740596040078148,0.15,0.75,0.1
95,s1_clean,9.770217154834045,1.159649324523821,False,False,False,adaptive_fusion,9,9.5,0.5,0.8372866314074479,vlp_heavy,raw,raw,0.25845373728872284,0.9999999993006209,0.8372866314074479,0.6597831606935204,0.15,0.75,0.1
96,s1_clean,9.5806362152392,1.1294724581913531,False,False,False,adaptive_fusion,19,9.5,1.5,0.8450098567640414,vlp_heavy,raw,raw,0.2862199457208519,0.9976974719849449,0.8450098567640414,0.6395520265291832,0.15,0.75,0.1
97,s1_clean,9.431952925308204,0.9654622254894044,False,False,False,adaptive_fusion,19,9.5,1.5,0.8232984032477745,vlp_heavy,raw,raw,0.23542367903614186,0.9997460991214352,0.8232984032477745,0.7281582294278122,0.15,0.75,0.1
98,s1_clean,9.360595724435434,0.6120686019402459,False,False,False,adaptive_fusion,9,9.5,0.5,0.8454548351006467,vlp_heavy,raw,raw,0.25559677313416285,0.9999999993006209,0.8454548351006467,0.632279444069047,0.15,0.75,0.1
99,s1_clean,9.26764607580253,0.4010204672213302,False,False,False,adaptive_fusion,9,9.5,0.5,0.8317477674487103,vlp_heavy,raw,raw,0.2236988694206744,0.9999999993006209,0.8317477674487103,0.6827050203308054,0.15,0.75,0.1
0,s2_wifi_degraded,3.50146586178358,2.794545781008381,False,False,False,adaptive_fusion,23,3.5,2.5,0.7871162981840955,vlp_heavy,raw,raw,0.06759432607129617,0.9999999993006209,0.7871162981840955,1.1173213544812413,0.15,0.75,0.1
1,s2_wifi_degraded,3.8334314692961406,3.0879105600798664,False,False,False,adaptive_fusion,33,3.5,3.5,0.7905258007526346,vlp_heavy,raw,raw,0.11955188702944002,0.9999999993006208,0.7905258007526346,1.0380016522821212,0.15,0.75,0.1
2,s2_wifi_degraded,4.0456173120900445,3.1263296245930507,False,False,False,adaptive_fusion,33,3.5,3.5,0.77890541750739,vlp_heavy,raw,raw,0.04971687040408804,0.9999999993006208,0.77890541750739,1.197577413670493,0.15,0.75,0.1
3,s2_wifi_degraded,4.42592581634721,3.113695449768073,False,False,False,adaptive_fusion,34,4.5,3.5,0.7803627108935047,vlp_heavy,raw,raw,0.09651165353499129,0.9999999899327461,0.7803627108935047,1.1201647972988282,0.15,0.75,0.1
4,s2_wifi_degraded,4.708255729915193,3.19039433570727,False,False,False,adaptive_fusion,34,4.5,3.5,0.7903571939383788,vlp_heavy,raw,raw,0.11168227015052334,0.9999999993006208,0.7903571939383788,1.0413486646857335,0.15,0.75,0.1
5,s2_wifi_degraded,4.978762662726669,3.137730843885924,False,False,False,adaptive_fusion,34,4.5,3.5,0.7740084717931425,vlp_heavy,raw,raw,0.11697444827583453,0.9999995541143417,0.7740084717931425,1.1208069417113886,0.15,0.75,0.1
6,s2_wifi_degraded,5.202025987228208,3.1529819162085304,False,False,False,adaptive_fusion,35,5.5,3.5,0.7977278489880871,vlp_heavy,raw,raw,0.073145926916029,0.9999999993006208,0.7977278489880871,1.066547186838977,0.15,0.75,0.1
7,s2_wifi_degraded,5.347337808465035,3.292281793156062,False,False,False,adaptive_fusion,35,5.5,3.5,0.792897974863001,vlp_heavy,raw,raw,0.0390402166393611,0.9999999993006208,0.792897974863001,1.135835123465055,0.15,0.75,0.1
8,s2_wifi_degraded,5.716827179474,3.58088982297864,False,False,False,adaptive_fusion,35,5.5,3.5,0.7885835680415552,vlp_heavy,raw,raw,0.07103955415670768,0.9999999993006208,0.7885835680415552,1.1226165754401032,0.15,0.75,0.1
9,s2_wifi_degraded,5.862414412197704,3.68421178879823,False,False,False,adaptive_fusion,35,5.5,3.5,0.7749430246136796,vlp_heavy,raw,raw,0.06901905947259537,0.9999999993006208,0.7749430246136796,1.1731090031920326,0.15,0.75,0.1
10,s2_wifi_degraded,6.2621648807209205,3.865009897723677,True,False,False,adaptive_fusion,46,6.5,4.5,0.7773845281005775,vlp_heavy,moving_average,raw,0.024423254303577977,0.9999999993006208,0.7773845281005775,1.2067969096059354,0.15,0.75,0.1
11,s2_wifi_degraded,6.386402797469953,4.000359969380765,True,False,False,adaptive_fusion,46,6.5,4.5,0.7847684531802437,vlp_heavy,moving_average,raw,0.029191410181976057,0.9999999993006208,0.7847684531802437,1.1994670090386037,0.15,0.75,0.1
12,s2_wifi_degraded,6.486403725025359,4.131792507959473,True,False,False,adaptive_fusion,46,6.5,4.5,0.7789005641236315,vlp_heavy,moving_average,raw,0.04777815778219359,0.9999999993006208,0.7789005641236315,1.1177414336348723,0.15,0.75,0.1
13,s2_wifi_degraded,6.594101310260236,4.146666699824417,True,False,False,adaptive_fusion,46,6.5,4.5,0.7786184992956392,vlp_heavy,moving_average,raw,0.027017386865247746,0.9999898556301315,0.7786184992956392,1.2539212480710764,0.15,0.75,0.1
14,s2_wifi_degraded,6.938536691705024,4.190811224101229,True,False,False,adaptive_fusion,47,7.5,4.5,0.7762206534652326,vlp_heavy,moving_average,raw,0.036584807392581846,0.9999999993006208,0.7762206534652326,1.1558291629240405,0.15,0.75,0.1
15,s2_wifi_degraded,7.095444556622987,4.3190830854397095,True,False,False,adaptive_fusion,47,7.5,4.5,0.792175016496208,vlp_heavy,moving_average,raw,0.0298894735865335,0.9999999993006208,0.792175016496208,1.108123970208671,0.15,0.75,0.1
16,s2_wifi_degraded,7.322508343984496,4.588300078241882,True,False,False,adaptive_fusion,47,7.5,4.5,0.7827112410157445,vlp_heavy,moving_average,raw,0.02917465432100213,0.9999999993006208,0.7827112410157445,1.2142829738140475,0.15,0.75,0.1
17,s2_wifi_degraded,7.446193242310456,4.675563891349093,True,False,False,adaptive_fusion,47,7.5,4.5,0.7817784602102246,vlp_heavy,moving_average,raw,0.042024726055286885,0.9975988092228042,0.7817784602102246,1.127722481030545,0.15,0.75,0.1
18,s2_wifi_degraded,7.634031718409139,4.77391982605946,True,False,False,adaptive_fusion,47,7.5,4.5,0.800022049863315,vlp_heavy,moving_average,raw,0.04414743803273392,0.9999859551609425,0.800022049863315,1.1293664956345413,0.15,0.75,0.1
19,s2_wifi_degraded,7.862727723450558,4.97492979510894,True,False,False,adaptive_fusion,49,9.5,4.5,0.79181681523458,vlp_heavy,moving_average,raw,0.04169220611063255,0.993492687780727,0.79181681523458,1.0681420819586596,0.15,0.75,0.1
20,s2_wifi_degraded,7.939266457295782,5.129541394281456,True,False,False,adaptive_fusion,58,8.5,5.5,0.7996542519092175,vlp_heavy,moving_average,raw,0.042134518317751,0.9968329980830395,0.7996542519092175,1.0446764441363166,0.15,0.75,0.1
21,s2_wifi_degraded,8.011102297567714,5.276303396065385,True,False,False,adaptive_fusion,58,8.5,5.5,0.7757025979452147,vlp_heavy,moving_average,raw,0.03454589564052559,0.9515147440167369,0.7757025979452147,1.2083009523424775,0.15,0.75,0.1
22,s2_wifi_degraded,8.343062278059984,5.445902988798278,False,False,False,adaptive_fusion,58,8.5,5.5,0.7991188627629904,vlp_heavy,raw,raw,0.06733514798838974,0.9999998291078593,0.7991188627629904,1.0317333222367362,0.15,0.75,0.1
23,s2_wifi_degraded,8.52052164720882,5.6027346910434765,False,False,False,adaptive_fusion,58,8.5,5.5,0.8016789788474713,vlp_heavy,raw,raw,0.0676594203227281,0.9999999993006208,0.8016789788474713,1.0279495586013705,0.15,0.75,0.1
24,s2_wifi_degraded,8.840063415262575,5.876328672083288,False,False,False,adaptive_fusion,69,9.5,6.5,0.7802401296281015,vlp_heavy,raw,raw,0.06883254374782025,0.9999999993006207,0.7802401296281015,1.1189271374388474,0.15,0.75,0.1
25,s2_wifi_degraded,9.133542118122302,6.275738550131283,False,False,False,adaptive_fusion,69,9.5,6.5,0.7889637863882487,vlp_heavy,raw,raw,0.050840044388790986,0.9999999993006207,0.7889637863882487,1.1228873916566662,0.15,0.75,0.1
26,s2_wifi_degraded,9.35618800793218,6.65718067016028,False,False,False,adaptive_fusion,69,9.5,6.5,0.7845077466096266,vlp_heavy,raw,raw,0.08301385544034605,0.9999999993006207,0.7845077466096266,1.0529088768360213,0.15,0.75,0.1
27,s2_wifi_degraded,9.561103088027537,7.107641397521033,False,False,False,adaptive_fusion,79,9.5,7.5,0.7887132109348132,vlp_heavy,raw,raw,0.07683848293986734,0.9999999993006207,0.7887132109348132,1.0540159946043333,0.15,0.75,0.1
28,s2_wifi_degraded,9.62294450389752,7.287936096739562,False,False,False,adaptive_fusion,79,9.5,7.5,0.7835966276181509,vlp_heavy,raw,raw,0.033803575779155916,0.9999999993006207,0.7835966276181509,1.212953161466051,0.15,0.75,0.1
29,s2_wifi_degraded,9.567042849149868,7.590650497286169,False,False,False,adaptive_fusion,79,9.5,7.5,0.8022142675261409,vlp_heavy,raw,raw,0.15481746365419508,0.9995513683865361,0.8022142675261409,0.9160013545595237,0.15,0.75,0.1
30,s2_wifi_degraded,9.368809486427658,7.926124173973704,False,False,False,adaptive_fusion,79,9.5,7.5,0.792174119106742,vlp_heavy,raw,raw,0.10590078935750868,0.9960371296278302,0.792174119106742,1.0264639094664838,0.15,0.75,0.1
31,s2_wifi_degraded,9.317903367352146,8.04732779879347,False,False,False,adaptive_fusion,89,9.5,8.5,0.8031180482342976,vlp_heavy,raw,raw,0.06963675408918611,0.9998677190945425,0.8031180482342976,1.0218521406995262,0.15,0.75,0.1
32,s2_wifi_degraded,9.186332412855084,8.43241929333643,False,False,False,adaptive_fusion,89,9.5,8.5,0.7936805389893087,vlp_heavy,raw,raw,0.09550869030536022,0.9999814230210885,0.7936805389893087,1.0219593957377506,0.15,0.75,0.1
33,s2_wifi_degraded,9.112727671229193,8.796655767469591,False,False,False,adaptive_fusion,98,8.5,9.5,0.7837787879926517,vlp_heavy,raw,raw,0.240636762852503,0.9985806702791434,0.7837787879926517,0.902868041413331,0.15,0.75,0.1
34,s2_wifi_degraded,9.270799859312152,9.22745450829668,False,False,False,adaptive_fusion,98,8.5,9.5,0.7364240098733634,vlp_heavy,raw,raw,0.14649946463522195,0.8956007216257614,0.7364240098733634,1.2498051981055058,0.15,0.75,0.1
35,s2_wifi_degraded,9.423420837008932,9.422997081607893,True,False,False,adaptive_fusion,99,9.5,9.5,0.8553128236747488,vlp_heavy,moving_average,raw,0.1375953351835482,0.9999999993006207,0.8553128236747488,0.6736030980985698,0.15,0.75,0.1
36,s2_wifi_degraded,9.481110661263054,9.62212971253768,True,False,False,adaptive_fusion,99,9.5,9.5,0.8090018426721541,vlp_heavy,moving_average,raw,0.06142794255973113,0.9999999993006207,0.8090018426721541,0.9998927386920264,0.15,0.75,0.1
37,s2_wifi_degraded,9.541752579513968,9.92203908827878,True,False,False,adaptive_fusion,99,9.5,9.5,0.8418889287456782,vlp_heavy,moving_average,raw,0.11288763781470425,0.9999999993006207,0.8418889287456782,0.7473185160181085,0.15,0.75,0.1
38,s2_wifi_degraded,9.402562603553038,9.543991147418636,True,False,False,adaptive_fusion,99,9.5,9.5,0.8266693192739678,vlp_heavy,moving_average,raw,0.10873218231329476,0.9999999993006207,0.8266693192739678,0.896450263561139,0.15,0.75,0.1
39,s2_wifi_degraded,9.44479730227728,9.391504817262849,True,False,False,adaptive_fusion,99,9.5,9.5,0.8057464886797997,vlp_heavy,moving_average,raw,0.0714852624503029,0.9999999993006207,0.8057464886797997,0.9807111616701247,0.15,0.75,0.1
40,s2_wifi_degraded,9.525454359161255,8.940867722935458,True,False,False,adaptive_fusion,89,9.5,8.5,0.8102546864384289,vlp_heavy,moving_average,raw,0.04678955050857046,0.9995422972097454,0.8102546864384289,0.9240425440906126,0.15,0.75,0.1
41,s2_wifi_degraded,9.823585243977655,8.584999463128653,True,False,False,adaptive_fusion,99,9.5,9.5,0.8245197860040652,vlp_heavy,moving_average,raw,0.08291269978601849,0.9999999993006207,0.8245197860040652,0.8006340230171822,0.15,0.75,0.1
42,s2_wifi_degraded,9.694700842723162,8.966546447675274,True,False,False,adaptive_fusion,99,9.5,9.5,0.7858561425259677,vlp_heavy,moving_average,raw,0.0931066810367387,0.9999999993006207,0.7858561425259677,0.975697185057148,0.15,0.75,0.1
43,s2_wifi_degraded,9.569223421271444,9.326938465999294,True,False,False,adaptive_fusion,99,9.5,9.5,0.8181014416723664,vlp_heavy,moving_average,raw,0.08388705513771202,0.9999999993006207,0.8181014416723664,0.8587494206595168,0.15,0.75,0.1
44,s2_wifi_degraded,9.534535416987817,9.784343768551336,True,False,False,adaptive_fusion,99,9.5,9.5,0.7976664023084586,vlp_heavy,moving_average,raw,0.085319928752427,0.9999999993006207,0.7976664023084586,1.0450268864077807,0.15,0.75,0.1
45,s2_wifi_degraded,9.54487381028695,9.92332836828298,False,False,False,adaptive_fusion,99,9.5,9.5,0.826112410923073,vlp_heavy,raw,raw,0.13049263424787574,0.9999999993006207,0.826112410923073,0.883720610023716,0.15,0.75,0.1
46,s2_wifi_degraded,9.558162041417896,9.663482828106742,False,False,False,adaptive_fusion,99,9.5,9.5,0.8129248919349081,vlp_heavy,raw,raw,0.21879718148277255,0.9999999993006207,0.8129248919349081,0.8282630424232247,0.15,0.75,0.1
47,s2_wifi_degraded,9.5646528065164,9.424365913186056,False,False,False,adaptive_fusion,99,9.5,9.5,0.8198663866789491,vlp_heavy,raw,raw,0.13385403389548237,0.9999999993006207,0.8198663866789491,0.85549036025153,0.15,0.75,0.1
48,s2_wifi_degraded,9.50103939557558,9.114055937821927,False,False,False,adaptive_fusion,99,9.5,9.5,0.7971594825213549,vlp_heavy,raw,raw,0.04319817765919779,0.9999999993006207,0.7971594825213549,1.102782281106014,0.15,0.75,0.1
49,s2_wifi_degraded,9.414656161118282,8.731094504017625,False,False,False,adaptive_fusion,89,9.5,8.5,0.7848401369612795,vlp_heavy,raw,raw,0.027602000209182024,0.999937727144062,0.7848401369612795,1.2328600425460632,0.15,0.75,0.1
50,s2_wifi_degraded,9.21633605588256,8.49062670552971,False,False,False,adaptive_fusion,89,9.5,8.5,0.7678972745807149,vlp_heavy,raw,raw,0.10241057628786845,0.9203361947945179,0.7678972745807149,1.0709847173410432,0.15,0.75,0.1
51,s2_wifi_degraded,9.11760935449355,8.438577566893754,False,False,False,adaptive_fusion,89,9.5,8.5,0.77380256016828,vlp_heavy,raw,raw,0.07813164067994278,0.9999701888964159,0.77380256016828,1.1800997586921944,0.15,0.75,0.1
52,s2_wifi_degraded,8.922779282926651,8.205081914366874,False,False,False,adaptive_fusion,88,8.5,8.5,0.7919414736550329,vlp_heavy,raw,raw,0.05845746219814125,0.9999999955809544,0.7919414736550329,1.1092548683959282,0.15,0.75,0.1
53,s2_wifi_degraded,8.733693244154269,8.016610598714413,False,False,False,adaptive_fusion,88,8.5,8.5,0.5572449324665042,vlp_heavy,raw,raw,0.05567580279344169,0.6142965950319309,0.5572449324665042,1.5892734614235957,0.15,0.75,0.1
54,s2_wifi_degraded,8.604067606013617,7.71418254806786,False,False,False,adaptive_fusion,78,8.5,7.5,0.776758150116743,vlp_heavy,raw,raw,0.028015334089006628,0.9999999981293188,0.776758150116743,1.2897065095517575,0.15,0.75,0.1
55,s2_wifi_degraded,8.380292121918876,7.508518197183664,False,False,False,adaptive_fusion,78,8.5,7.5,0.7819847046531879,vlp_heavy,raw,raw,0.11807400185108333,0.9999993785452429,0.7819847046531879,1.0296597537914596,0.15,0.75,0.1
56,s2_wifi_degraded,8.261298236940235,7.032237617033076,False,False,False,adaptive_fusion,78,8.5,7.5,0.7740111906585092,vlp_heavy,raw,raw,0.07695568345738736,0.9999999992864045,0.7740111906585092,1.1766492048407102,0.15,0.75,0.1
57,s2_wifi_degraded,8.367834526148913,6.700942345233571,False,False,False,adaptive_fusion,68,8.5,6.5,0.786722199895759,vlp_heavy,raw,raw,0.07689549508101477,0.9999999990204351,0.786722199895759,1.0826495896490236,0.15,0.75,0.1
58,s2_wifi_degraded,8.353958878788386,6.494196804329148,False,False,False,adaptive_fusion,68,8.5,6.5,0.7847303258402366,vlp_heavy,raw,raw,0.061886029363206974,0.9999999990679991,0.7847303258402366,1.1288300578863135,0.15,0.75,0.1
59,s2_wifi_degraded,8.336546429042226,6.293616283957347,False,False,False,adaptive_fusion,68,8.5,6.5,0.7792558952160856,vlp_heavy,raw,raw,0.065786703616808,0.9999999982197236,0.7792558952160856,1.1484759829402333,0.15,0.75,0.1
60,s2_wifi_degraded,8.40346815147133,6.116995442632617,True,False,False,adaptive_fusion,69,9.5,6.5,0.7823793743969918,vlp_heavy,moving_average,raw,0.02683173457602681,0.9999999993006207,0.7823793743969918,1.2109579660116248,0.15,0.75,0.1
61,s2_wifi_degraded,8.546844700935843,5.924881887661858,True,False,False,adaptive_fusion,69,9.5,6.5,0.7847705867819932,vlp_heavy,moving_average,raw,0.04181818251056321,0.9999999993006207,0.7847705867819932,1.117120320733247,0.15,0.75,0.1
62,s2_wifi_degraded,8.729904160776496,5.547744951919951,True,False,False,adaptive_fusion,58,8.5,5.5,0.7757619339635988,vlp_heavy,moving_average,raw,0.028329598044084393,0.9999999993006208,0.7757619339635988,1.2326403592434552,0.15,0.75,0.1
63,s2_wifi_degraded,8.77202584280195,5.143629060389316,True,False,False,adaptive_fusion,59,9.5,5.5,0.7937297635050936,vlp_heavy,moving_average,raw,0.042125027579078676,0.9999999993006208,0.7937297635050936,1.116911611208504,0.15,0.75,0.1
64,s2_wifi_degraded,8.718437609453172,4.97610578105409,True,False,False,adaptive_fusion,49,9.5,4.5,0.8028138901186819,vlp_heavy,moving_average,raw,0.05309676846358252,0.9999999993006208,0.8028138901186819,1.078092454039942,0.15,0.75,0.1
65,s2_wifi_degraded,8.667563530000693,4.866630764710654,True,False,False,adaptive_fusion,49,9.5,4.5,0.8044771472405549,vlp_heavy,moving_average,raw,0.06890761214972581,0.9999999993006208,0.8044771472405549,1.0305684189460975,0.15,0.75,0.1
66,s2_wifi_degraded,8.542366419283344,4.760216825616967,True,False,False,adaptive_fusion,48,8.5,4.5,0.8012956558524931,vlp_heavy,moving_average,raw,0.06926417630951714,0.9999962676932098,0.8012956558524931,1.0119922160605295,0.15,0.75,0.1
67,s2_wifi_degraded,8.382687489621802,4.499553999003734,True,False,False,adaptive_fusion,48,8.5,4.5,0.786609356694067,vlp_heavy,moving_average,raw,0.04987973235481421,0.999997112114942,0.786609356694067,1.133283886518487,0.15,0.75,0.1
68,s2_wifi_degraded,8.31381336958047,4.356990528873265,False,False,False,adaptive_fusion,48,8.5,4.5,0.792337219050358,vlp_heavy,raw,raw,0.1347175307739845,0.9999999992009275,0.792337219050358,0.9874374225248943,0.15,0.75,0.1
69,s2_wifi_degraded,8.173199902177743,4.055129301838792,False,False,False,adaptive_fusion,39,9.5,3.5,0.7811611289382003,vlp_heavy,raw,raw,0.09180590699371396,0.9999999993006208,0.7811611289382003,1.116511934127715,0.15,0.75,0.1
70,s2_wifi_degraded,7.958876024659174,3.799783052657366,False,False,False,adaptive_fusion,37,7.5,3.5,0.7884470718001396,vlp_heavy,raw,raw,0.06295946246515391,0.9759259064004897,0.7884470718001396,1.0913230938719198,0.15,0.75,0.1
71,s2_wifi_degraded,7.833669525191001,3.638141757452688,False,False,False,adaptive_fusion,37,7.5,3.5,0.7967723576232947,vlp_heavy,raw,raw,0.11153022710632259,0.9999969551771357,0.7967723576232947,1.021974982165513,0.15,0.75,0.1
72,s2_wifi_degraded,7.664684483724226,3.3337804086327285,False,False,False,adaptive_fusion,38,8.5,3.5,0.7954735568650823,vlp_heavy,raw,raw,0.07897112450948839,0.9773224822548644,0.7954735568650823,1.0334985203872304,0.15,0.75,0.1
73,s2_wifi_degraded,7.325126662205962,3.0900072935102134,False,False,False,adaptive_fusion,37,7.5,3.5,0.8156019603508794,vlp_heavy,raw,raw,0.1151537272948655,0.9999999993006208,0.8156019603508794,0.939158490992506,0.15,0.75,0.1
74,s2_wifi_degraded,7.295614884999138,2.9887682845800643,False,False,False,adaptive_fusion,37,7.5,3.5,0.7950606450065749,vlp_heavy,raw,raw,0.08856948410415559,0.9838357021542551,0.7950606450065749,1.0422956732815885,0.15,0.75,0.1
75,s2_wifi_degraded,7.296351451677773,2.798195708361908,False,False,False,adaptive_fusion,27,7.5,2.5,0.8098148256209801,vlp_heavy,raw,raw,0.10269112418429792,0.9999999993006208,0.8098148256209801,0.9620002792364247,0.15,0.75,0.1
76,s2_wifi_degraded,7.251642624966383,2.337893241987238,False,False,False,adaptive_fusion,27,7.5,2.5,0.7924294197939011,vlp_heavy,raw,raw,0.13511782278904982,0.9999934338522917,0.7924294197939011,1.0035358477193417,0.15,0.75,0.1
77,s2_wifi_degraded,7.191112638050282,2.11104971712342,False,False,False,adaptive_fusion,27,7.5,2.5,0.7817927781321564,vlp_heavy,raw,raw,0.11621280181559387,0.9999247470042493,0.7817927781321564,1.0715925072028707,0.15,0.75,0.1
78,s2_wifi_degraded,7.088997127565227,1.8280730412017787,False,False,False,adaptive_fusion,17,7.5,1.5,0.7804473755903408,vlp_heavy,raw,raw,0.20789981765986074,0.9999999964696112,0.7804473755903408,0.9801784640007091,0.15,0.75,0.1
79,s2_wifi_degraded,7.114586335383993,1.531713950324241,False,False,False,adaptive_fusion,17,7.5,1.5,0.8027231157304923,vlp_heavy,raw,raw,0.09424775085964882,0.9999999992541809,0.8027231157304923,0.9564627598623171,0.15,0.75,0.1
80,s2_wifi_degraded,7.170157133048356,1.3067743629177078,False,False,False,adaptive_fusion,17,7.5,1.5,0.7778830865561265,vlp_heavy,raw,raw,0.4129032895607888,0.9999999993006209,0.7778830865561265,0.9401483682699668,0.15,0.75,0.1
81,s2_wifi_degraded,7.201631077444322,1.1339839347561254,False,False,False,adaptive_fusion,7,7.5,0.5,0.6436474049989003,vlp_heavy,raw,raw,0.1462720278539447,0.6868350376518872,0.6436474049989003,1.2467505107685704,0.15,0.75,0.1
82,s2_wifi_degraded,7.155776983713249,0.8528139925624313,False,False,False,adaptive_fusion,7,7.5,0.5,0.8254478839735578,vlp_heavy,raw,raw,0.2189609186485726,0.9999999993006209,0.8254478839735578,0.8139660606493284,0.15,0.75,0.1
83,s2_wifi_degraded,6.976127786010122,0.4956267479912126,False,False,False,adaptive_fusion,7,7.5,0.5,0.8316642169078893,vlp_heavy,raw,raw,0.20065721457658958,0.9999999993006209,0.8316642169078893,0.8040318018747149,0.15,0.75,0.1
84,s2_wifi_degraded,6.74255867268218,0.0843728881784015,False,False,False,adaptive_fusion,6,6.5,0.5,0.8429511994442258,vlp_heavy,raw,raw,0.22994412216886753,0.9999999993006209,0.8429511994442258,0.7631356480982614,0.15,0.75,0.1
85,s2_wifi_degraded,7.064294392948221,0.3942671783051067,True,False,False,adaptive_fusion,6,6.5,0.5,0.7876278264912193,vlp_heavy,moving_average,raw,0.0758443618948903,0.9999999993006209,0.7876278264912193,1.1229890402863423,0.15,0.75,0.1
86,s2_wifi_degraded,7.176188436555574,0.5060043216815018,True,False,False,adaptive_fusion,7,7.5,0.5,0.7807575052766105,vlp_heavy,moving_average,raw,0.06863308564946673,0.9999999993006209,0.7807575052766105,1.0762922611022632,0.15,0.75,0.1
87,s2_wifi_degraded,7.307226017604519,0.5668144077417742,True,False,False,adaptive_fusion,7,7.5,0.5,0.805442573755122,vlp_heavy,moving_average,raw,0.05864468411213507,0.9999999993006209,0.805442573755122,0.966995764386819,0.15,0.75,0.1
88,s2_wifi_degraded,7.687860172244926,0.7189120364284933,True,False,False,adaptive_fusion,7,7.5,0.5,0.8284217022266464,vlp_heavy,moving_average,raw,0.09053298884631522,0.9999913075130018,0.8284217022266464,0.8368177594592254,0.15,0.75,0.1
89,s2_wifi_degraded,7.983386792676343,0.8375621710500243,True,False,False,adaptive_fusion,8,8.5,0.5,0.7832733352790912,vlp_heavy,moving_average,raw,0.2047777487698843,0.9978535346053312,0.7832733352790912,0.9049203934733863,0.15,0.75,0.1
90,s2_wifi_degraded,8.256293406597695,0.875446755726633,True,False,False,adaptive_fusion,8,8.5,0.5,0.8051671319116109,vlp_heavy,moving_average,raw,0.1622914342637858,0.9999298579699397,0.8051671319116109,0.7871357165931784,0.15,0.75,0.1
91,s2_wifi_degraded,8.425989160054677,0.93045254740169,True,False,False,adaptive_fusion,8,8.5,0.5,0.8212803193648855,vlp_heavy,moving_average,raw,0.2039164584566255,0.9996616694702262,0.8212803193648855,0.7049991753171759,0.15,0.75,0.1
92,s2_wifi_degraded,8.863055882305986,1.1231286812777777,True,False,False,adaptive_fusion,8,8.5,0.5,0.7272647634689242,vlp_heavy,moving_average,raw,0.22497700785337366,0.8130339143958369,0.7272647634689242,0.8994627621428489,0.15,0.75,0.1
93,s2_wifi_degraded,9.23021965860404,1.1465464090231468,True,False,False,adaptive_fusion,19,9.5,1.5,0.6500424501993156,vlp_heavy,moving_average,raw,0.25872847672678817,0.6989414517622788,0.6500424501993156,1.0205731757137166,0.15,0.75,0.1
94,s2_wifi_degraded,9.37371170551081,1.169754508811914,False,False,False,adaptive_fusion,19,9.5,1.5,0.8117982812306213,vlp_heavy,raw,raw,0.23052531195414505,0.9628133517892431,0.8117982812306213,0.7495532461431735,0.15,0.75,0.1
95,s2_wifi_degraded,9.770217154834045,1.159649324523821,False,False,False,adaptive_fusion,9,9.5,0.5,0.8377621402618661,vlp_heavy,raw,raw,0.21924717571728253,0.9999999993006209,0.8377621402618661,0.6652200623818214,0.15,0.75,0.1
96,s2_wifi_degraded,9.5806362152392,1.1294724581913531,False,False,False,adaptive_fusion,8,8.5,0.5,0.6283202101874965,vlp_heavy,raw,raw,0.2996672312628665,0.6719753092623253,0.6283202101874965,1.043059008562518,0.15,0.75,0.1
97,s2_wifi_degraded,9.431952925308204,0.9654622254894044,False,False,False,adaptive_fusion,8,8.5,0.5,0.6914527078378183,vlp_heavy,raw,raw,0.2220254408149507,0.7350726666249445,0.6914527078378183,0.9768301062332375,0.15,0.75,0.1
98,s2_wifi_degraded,9.360595724435434,0.6120686019402459,False,False,False,adaptive_fusion,9,9.5,0.5,0.8244185920141629,vlp_heavy,raw,raw,0.20028600165212365,0.9999999993006209,0.8244185920141629,0.7077025428288151,0.15,0.75,0.1
99,s2_wifi_degraded,9.26764607580253,0.4010204672213302,False,False,False,adaptive_fusion,9,9.5,0.5,0.8243886197389836,vlp_heavy,raw,raw,0.18353540104995006,0.9999999993006209,0.8243886197389836,0.720881478995318,0.15,0.75,0.1
0,s3_vlp_blocked,3.50146586178358,2.794545781008381,False,False,False,adaptive_fusion,23,3.5,2.5,0.8013559566841971,vlp_heavy,raw,raw,0.08550540924407565,0.9999999993006209,0.8013559566841971,1.0119523636939927,0.15,0.75,0.1
1,s3_vlp_blocked,3.8334314692961406,3.0879105600798664,False,False,False,adaptive_fusion,33,3.5,3.5,0.7930656716864101,vlp_heavy,raw,raw,0.07992172402289562,0.9999999993006208,0.7930656716864101,1.0653006733406127,0.15,0.75,0.1
2,s3_vlp_blocked,4.0456173120900445,3.1263296245930507,False,False,False,adaptive_fusion,33,3.5,3.5,0.8031715055227997,vlp_heavy,raw,raw,0.06763968817258469,0.9999999993006208,0.8031715055227997,1.0445722438025342,0.15,0.75,0.1
3,s3_vlp_blocked,4.42592581634721,3.113695449768073,False,False,False,adaptive_fusion,24,4.5,2.5,0.7812498212507551,vlp_heavy,raw,raw,0.07160588611692822,0.9991226234978516,0.7812498212507551,1.1408609318597172,0.15,0.75,0.1
4,s3_vlp_blocked,4.708255729915193,3.19039433570727,False,False,False,adaptive_fusion,34,4.5,3.5,0.783395044343261,vlp_heavy,raw,raw,0.05707614695304887,0.9999999993006208,0.783395044343261,1.1482973789239084,0.15,0.75,0.1
5,s3_vlp_blocked,4.978762662726669,3.137730843885924,False,False,False,adaptive_fusion,34,4.5,3.5,0.7763880160170085,vlp_heavy,raw,raw,0.07868251950372097,0.9999999993006208,0.7763880160170085,1.1728789487580022,0.15,0.75,0.1
6,s3_vlp_blocked,5.202025987228208,3.1529819162085304,False,False,False,adaptive_fusion,35,5.5,3.5,0.8028963719811755,vlp_heavy,raw,raw,0.05848566467029979,0.9999999993006208,0.8028963719811755,1.0940392325451136,0.15,0.75,0.1
7,s3_vlp_blocked,5.347337808465035,3.292281793156062,False,False,False,adaptive_fusion,35,5.5,3.5,0.7832085273410794,vlp_heavy,raw,raw,0.07061359898453301,0.9999999993006208,0.7832085273410794,1.1388922413198128,0.15,0.75,0.1
8,s3_vlp_blocked,5.716827179474,3.58088982297864,False,False,False,adaptive_fusion,35,5.5,3.5,0.7860105568989368,vlp_heavy,raw,raw,0.05890581758443836,0.9999999993006208,0.7860105568989368,1.1326098876909692,0.15,0.75,0.1
9,s3_vlp_blocked,5.862414412197704,3.68421178879823,False,False,False,adaptive_fusion,35,5.5,3.5,0.7879937877628611,vlp_heavy,raw,raw,0.09408368525697516,0.9999999993006208,0.7879937877628611,1.0791130751345146,0.15,0.75,0.1
10,s3_vlp_blocked,6.2621648807209205,3.865009897723677,False,False,False,adaptive_fusion,46,6.5,4.5,0.7827782293317683,vlp_heavy,raw,raw,0.0740091053073716,0.9999997793643326,0.7827782293317683,1.1364776143474913,0.15,0.75,0.1
11,s3_vlp_blocked,6.386402797469953,4.000359969380765,False,False,False,adaptive_fusion,46,6.5,4.5,0.795947005199446,vlp_heavy,raw,raw,0.05869033743625145,0.9999999993006208,0.795947005199446,1.0767933475638547,0.15,0.75,0.1
12,s3_vlp_blocked,6.486403725025359,4.131792507959473,False,False,False,adaptive_fusion,46,6.5,4.5,0.8070705935914397,vlp_heavy,raw,raw,0.08182926214495427,0.9999999992980039,0.8070705935914397,1.0010647855027244,0.15,0.75,0.1
13,s3_vlp_blocked,6.594101310260236,4.146666699824417,False,False,False,adaptive_fusion,46,6.5,4.5,0.7898805796226727,vlp_heavy,raw,raw,0.05486295134531701,0.9984619792957007,0.7898805796226727,1.1553146403975607,0.15,0.75,0.1
14,s3_vlp_blocked,6.938536691705024,4.190811224101229,False,False,False,adaptive_fusion,47,7.5,4.5,0.7974583810903102,vlp_heavy,raw,raw,0.07402169807257128,0.9999999993006208,0.7974583810903102,1.0620652083780735,0.15,0.75,0.1
15,s3_vlp_blocked,7.095444556622987,4.3190830854397095,False,True,False,adaptive_fusion,47,7.5,4.5,0.2869772023315324,graph_prior_heavy,raw,median,0.09652720806229342,0.4499996563043333,0.2869772023315324,2.2823726117056666,0.2,0.2,0.6
16,s3_vlp_blocked,7.322508343984496,4.588300078241882,False,True,False,adaptive_fusion,47,7.5,4.5,0.21904551312254752,graph_prior_heavy,raw,median,0.051267844620163504,0.4499999996852794,0.21904551312254752,2.8242966910304146,0.2,0.2,0.6
17,s3_vlp_blocked,7.446193242310456,4.675563891349093,False,True,False,adaptive_fusion,47,7.5,4.5,0.23223177097334977,graph_prior_heavy,raw,median,0.07512615711418341,0.4499999996852794,0.23223177097334977,2.8498947723288865,0.2,0.2,0.6
18,s3_vlp_blocked,7.634031718409139,4.77391982605946,False,True,False,adaptive_fusion,47,7.5,4.5,0.2446082036730176,graph_prior_heavy,raw,median,0.030009493483891505,0.4499999995440611,0.2446082036730176,2.9647975506036652,0.2,0.2,0.6
19,s3_vlp_blocked,7.862727723450558,4.97492979510894,False,True,False,adaptive_fusion,46,6.5,4.5,0.2569198285918076,graph_prior_heavy,raw,median,0.05152177929672038,0.4499798337710017,0.2569198285918076,2.714662943929466,0.2,0.2,0.6
20,s3_vlp_blocked,7.939266457295782,5.129541394281456,False,True,False,adaptive_fusion,55,5.5,5.5,0.2002656437321236,graph_prior_heavy,raw,median,0.1643715765913648,0.4499999996852794,0.2002656437321236,2.672561649735514,0.2,0.2,0.6
21,s3_vlp_blocked,8.011102297567714,5.276303396065385,False,True,False,adaptive_fusion,59,9.5,5.5,0.23747008736490366,graph_prior_heavy,raw,median,0.07405647467690606,0.27270089590452495,0.23747008736490366,2.461342014847353,0.2,0.2,0.6
22,s3_vlp_blocked,8.343062278059984,5.445902988798278,False,True,False,adaptive_fusion,59,9.5,5.5,0.3056096547404669,graph_prior_heavy,raw,median,0.11879527455478747,0.4499999996852794,0.3056096547404669,2.4229709025818464,0.2,0.2,0.6
23,s3_vlp_blocked,8.52052164720882,5.6027346910434765,False,True,False,adaptive_fusion,59,9.5,5.5,0.2810517933408864,graph_prior_heavy,raw,median,0.05568079433449951,0.4499999996852794,0.2810517933408864,2.523373965941287,0.2,0.2,0.6
24,s3_vlp_blocked,8.840063415262575,5.876328672083288,False,True,False,adaptive_fusion,99,9.5,9.5,0.35455779179570246,graph_prior_heavy,raw,median,0.06188649552543019,0.4499999996852793,0.35455779179570246,2.6505753481814716,0.2,0.2,0.6
25,s3_vlp_blocked,9.133542118122302,6.275738550131283,False,True,False,adaptive_fusion,99,9.5,9.5,0.35708205397197834,graph_prior_heavy,raw,median,0.11355375081517462,0.4499999996852793,0.35708205397197834,2.4181824592570327,0.2,0.2,0.6
26,s3_vlp_blocked,9.35618800793218,6.65718067016028,False,True,False,adaptive_fusion,99,9.5,9.5,0.40237938759762787,graph_prior_heavy,raw,median,0.14467635343676785,0.4499999996852793,0.40237938759762787,1.994885501879193,0.2,0.2,0.6
27,s3_vlp_blocked,9.561103088027537,7.107641397521033,False,True,False,adaptive_fusion,99,9.5,9.5,0.240339480806224,graph_prior_heavy,raw,median,0.08960807477130088,0.4499999996852793,0.240339480806224,2.4000830483685385,0.2,0.2,0.6
28,s3_vlp_blocked,9.62294450389752,7.287936096739562,False,False,False,adaptive_fusion,79,9.5,7.5,0.8141470122832862,vlp_heavy,raw,raw,0.10603340869613152,0.9999999993006207,0.8141470122832862,0.9086492682547787,0.15,0.75,0.1
29,s3_vlp_blocked,9.567042849149868,7.590650497286169,False,False,False,adaptive_fusion,79,9.5,7.5,0.812109980618006,vlp_heavy,raw,raw,0.12400707907172301,0.9992186166427124,0.812109980618006,0.8801120644796394,0.15,0.75,0.1
30,s3_vlp_blocked,9.368809486427658,7.926124173973704,False,False,False,adaptive_fusion,79,9.5,7.5,0.7012722073609494,vlp_heavy,raw,raw,0.1529689862479317,0.7833069373955605,0.7012722073609494,1.0679920737087563,0.15,0.75,0.1
31,s3_vlp_blocked,9.317903367352146,8.04732779879347,False,False,False,adaptive_fusion,89,9.5,8.5,0.778253273494953,vlp_heavy,raw,raw,0.07882437118297456,0.9632914248854658,0.778253273494953,1.0840168658892197,0.15,0.75,0.1
32,s3_vlp_blocked,9.186332412855084,8.43241929333643,False,False,False,adaptive_fusion,89,9.5,8.5,0.7737844089634892,vlp_heavy,raw,raw,0.04150454565236296,0.9999983412899163,0.7737844089634892,1.2829710407245225,0.15,0.75,0.1
33,s3_vlp_blocked,9.112727671229193,8.796655767469591,False,False,False,adaptive_fusion,89,9.5,8.5,0.8208359563799512,vlp_heavy,raw,raw,0.376922380796304,0.988511733245532,0.8208359563799512,0.7098970496912633,0.15,0.75,0.1
34,s3_vlp_blocked,9.270799859312152,9.22745450829668,False,False,False,adaptive_fusion,89,9.5,8.5,0.813843306430271,vlp_heavy,raw,raw,0.10680326909791753,0.9962234584761043,0.813843306430271,0.9168699326295964,0.15,0.75,0.1
35,s3_vlp_blocked,9.423420837008932,9.422997081607893,False,False,False,adaptive_fusion,99,9.5,9.5,0.7951151000212627,vlp_heavy,raw,raw,0.03665744336543442,0.9999999993006207,0.7951151000212627,1.119304985016966,0.15,0.75,0.1
36,s3_vlp_blocked,9.481110661263054,9.62212971253768,False,False,False,adaptive_fusion,99,9.5,9.5,0.8071691885901495,vlp_heavy,raw,raw,0.16145403838716627,0.9999999993006207,0.8071691885901495,0.8513929346549318,0.15,0.75,0.1
37,s3_vlp_blocked,9.541752579513968,9.92203908827878,False,False,False,adaptive_fusion,99,9.5,9.5,0.8649966835160753,vlp_heavy,raw,raw,0.3266271483997275,0.9999999993006207,0.8649966835160753,0.6166884537396959,0.15,0.75,0.1
38,s3_vlp_blocked,9.402562603553038,9.543991147418636,False,False,False,adaptive_fusion,99,9.5,9.5,0.8105317686134871,vlp_heavy,raw,raw,0.10474736292575579,0.9999999993006207,0.8105317686134871,0.8975202316025563,0.15,0.75,0.1
39,s3_vlp_blocked,9.44479730227728,9.391504817262849,False,False,False,adaptive_fusion,99,9.5,9.5,0.7886972023374947,vlp_heavy,raw,raw,0.06094416420152638,0.9999999993006207,0.7886972023374947,1.0851548697522284,0.15,0.75,0.1
40,s3_vlp_blocked,9.525454359161255,8.940867722935458,False,False,False,adaptive_fusion,89,9.5,8.5,0.7941920837241573,vlp_heavy,raw,raw,0.07689953440447364,0.9993261106899081,0.7941920837241573,1.051295527893577,0.15,0.75,0.1
41,s3_vlp_blocked,9.823585243977655,8.584999463128653,False,False,False,adaptive_fusion,99,9.5,9.5,0.7889034162498475,vlp_heavy,raw,raw,0.16765375118014858,0.9999999993006207,0.7889034162498475,0.9549602265521,0.15,0.75,0.1
42,s3_vlp_blocked,9.694700842723162,8.966546447675274,False,False,False,adaptive_fusion,99,9.5,9.5,0.85478681963643,vlp_heavy,raw,raw,0.2687938851937563,0.9999999993006207,0.85478681963643,0.6630026871017198,0.15,0.75,0.1
43,s3_vlp_blocked,9.569223421271444,9.326938465999294,False,False,False,adaptive_fusion,99,9.5,9.5,0.8091643944339998,vlp_heavy,raw,raw,0.09748112120673699,0.9999999993006207,0.8091643944339998,0.9371775083321802,0.15,0.75,0.1
44,s3_vlp_blocked,9.534535416987817,9.784343768551336,False,False,False,adaptive_fusion,99,9.5,9.5,0.846457453480307,vlp_heavy,raw,raw,0.22290852525849084,0.9999999993006207,0.846457453480307,0.7235623598593331,0.15,0.75,0.1
45,s3_vlp_blocked,9.54487381028695,9.92332836828298,False,True,False,adaptive_fusion,99,9.5,9.5,0.3973951701556911,graph_prior_heavy,raw,median,0.04921254495108327,0.4499999996852793,0.3973951701556911,2.387266105168612,0.2,0.2,0.6
46,s3_vlp_blocked,9.558162041417896,9.663482828106742,False,True,False,adaptive_fusion,99,9.5,9.5,0.509531991208168,graph_prior_heavy,raw,median,0.20329855529354982,0.4499999996852793,0.509531991208168,1.7848777488960574,0.2,0.2,0.6
47,s3_vlp_blocked,9.5646528065164,9.424365913186056,False,True,False,adaptive_fusion,99,9.5,9.5,0.4623895111027762,graph_prior_heavy,raw,median,0.12245169705864423,0.4499999996852793,0.4623895111027762,1.870705190360263,0.2,0.2,0.6
48,s3_vlp_blocked,9.50103939557558,9.114055937821927,False,True,False,adaptive_fusion,99,9.5,9.5,0.30229977157963683,graph_prior_heavy,raw,median,0.12250456848763526,0.4499999996852793,0.30229977157963683,2.5292375137551235,0.2,0.2,0.6
49,s3_vlp_blocked,9.414656161118282,8.731094504017625,False,True,False,adaptive_fusion,99,9.5,9.5,0.4999602021649248,graph_prior_heavy,raw,median,0.4561793010002802,0.4499999996852793,0.4999602021649248,1.448435609320867,0.2,0.2,0.6
50,s3_vlp_blocked,9.21633605588256,8.49062670552971,False,True,False,adaptive_fusion,99,9.5,9.5,0.2805585393920831,graph_prior_heavy,raw,median,0.0744385106115301,0.4499999996852793,0.2805585393920831,2.4804076194703666,0.2,0.2,0.6
51,s3_vlp_blocked,9.11760935449355,8.438577566893754,False,True,False,adaptive_fusion,99,9.5,9.5,0.21278912787347923,graph_prior_heavy,raw,median,0.05771862306267779,0.4499999996852793,0.21278912787347923,2.9343473341379758,0.2,0.2,0.6
52,s3_vlp_blocked,8.922779282926651,8.205081914366874,False,True,False,adaptive_fusion,59,9.5,5.5,0.20104215269374057,graph_prior_heavy,raw,median,0.07800761600578483,0.44451228805933735,0.20104215269374057,2.8864310013084573,0.2,0.2,0.6
53,s3_vlp_blocked,8.733693244154269,8.016610598714413,False,True,False,adaptive_fusion,98,8.5,9.5,0.28319249759932114,graph_prior_heavy,raw,median,0.050173595547256734,0.44999999968527926,0.28319249759932114,2.498963694394981,0.2,0.2,0.6
54,s3_vlp_blocked,8.604067606013617,7.71418254806786,False,True,False,adaptive_fusion,95,5.5,9.5,0.20000380407666157,graph_prior_heavy,raw,median,0.022532661389873924,0.4499999996852793,0.20000380407666157,3.1230983250758437,0.2,0.2,0.6
55,s3_vlp_blocked,8.380292121918876,7.508518197183664,False,True,False,adaptive_fusion,59,9.5,5.5,0.22710811274941872,graph_prior_heavy,raw,median,0.07653931244231058,0.44999920659300396,0.22710811274941872,2.797011904998056,0.2,0.2,0.6
56,s3_vlp_blocked,8.261298236940235,7.032237617033076,False,False,False,adaptive_fusion,78,8.5,7.5,0.7861109185183992,vlp_heavy,raw,raw,0.039881405694335764,0.9999999976210696,0.7861109185183992,1.2014520310561392,0.15,0.75,0.1
57,s3_vlp_blocked,8.367834526148913,6.700942345233571,False,False,False,adaptive_fusion,68,8.5,6.5,0.7968001618424934,vlp_heavy,raw,raw,0.046179000710326816,0.9999999991332363,0.7968001618424934,1.1155879430042692,0.15,0.75,0.1
58,s3_vlp_blocked,8.353958878788386,6.494196804329148,False,False,False,adaptive_fusion,68,8.5,6.5,0.7859516827627078,vlp_heavy,raw,raw,0.11443719883422114,0.9999998994107048,0.7859516827627078,1.0274726866123232,0.15,0.75,0.1
59,s3_vlp_blocked,8.336546429042226,6.293616283957347,False,False,False,adaptive_fusion,68,8.5,6.5,0.7805177343265928,vlp_heavy,raw,raw,0.04900007739774219,0.9999996158149076,0.7805177343265928,1.1833023752993244,0.15,0.75,0.1
60,s3_vlp_blocked,8.40346815147133,6.116995442632617,False,False,False,adaptive_fusion,69,9.5,6.5,0.7861927636327761,vlp_heavy,raw,raw,0.045472478916641274,0.9999999993006207,0.7861927636327761,1.1550106379791234,0.15,0.75,0.1
61,s3_vlp_blocked,8.546844700935843,5.924881887661858,False,False,False,adaptive_fusion,69,9.5,6.5,0.7770828437341861,vlp_heavy,raw,raw,0.07052253110634454,0.9999999993006207,0.7770828437341861,1.1660621749203701,0.15,0.75,0.1
62,s3_vlp_blocked,8.729904160776496,5.547744951919951,False,False,False,adaptive_fusion,58,8.5,5.5,0.7863998761320589,vlp_heavy,raw,raw,0.1198928185978943,0.9999999977019939,0.7863998761320589,1.023702345748518,0.15,0.75,0.1
63,s3_vlp_blocked,8.77202584280195,5.143629060389316,False,False,False,adaptive_fusion,59,9.5,5.5,0.7806177094891957,vlp_heavy,raw,raw,0.051259614651644074,0.9999999993006208,0.7806177094891957,1.1695033880700285,0.15,0.75,0.1
64,s3_vlp_blocked,8.718437609453172,4.97610578105409,False,False,False,adaptive_fusion,49,9.5,4.5,0.7804068832376662,vlp_heavy,raw,raw,0.0905431079286284,0.9999999993006208,0.7804068832376662,1.0915906140238358,0.15,0.75,0.1
65,s3_vlp_blocked,8.667563530000693,4.866630764710654,False,False,False,adaptive_fusion,49,9.5,4.5,0.7737705438108736,vlp_heavy,raw,raw,0.07951774081886245,0.9999999993006208,0.7737705438108736,1.1790877842884022,0.15,0.75,0.1
66,s3_vlp_blocked,8.542366419283344,4.760216825616967,False,False,False,adaptive_fusion,48,8.5,4.5,0.7941498195733968,vlp_heavy,raw,raw,0.08646200299919303,0.9999996940683897,0.7941498195733968,1.0442919212237103,0.15,0.75,0.1
67,s3_vlp_blocked,8.382687489621802,4.499553999003734,False,False,False,adaptive_fusion,48,8.5,4.5,0.7724658563700338,vlp_heavy,raw,raw,0.05722961291223669,0.9999780386180618,0.7724658563700338,1.26117504812795,0.15,0.75,0.1
68,s3_vlp_blocked,8.31381336958047,4.356990528873265,False,False,False,adaptive_fusion,48,8.5,4.5,0.8020725288963773,vlp_heavy,raw,raw,0.20540286538630048,0.9990408397303947,0.8020725288963773,0.8995916314214555,0.15,0.75,0.1
69,s3_vlp_blocked,8.173199902177743,4.055129301838792,False,False,False,adaptive_fusion,39,9.5,3.5,0.7742648660004414,vlp_heavy,raw,raw,0.07311147982708818,0.9999999993006208,0.7742648660004414,1.1745139501159787,0.15,0.75,0.1
70,s3_vlp_blocked,7.958876024659174,3.799783052657366,False,False,False,adaptive_fusion,38,8.5,3.5,0.7899491152832242,vlp_heavy,raw,raw,0.0947664376304858,0.9922949108786242,0.7899491152832242,1.0499036142109037,0.15,0.75,0.1
71,s3_vlp_blocked,7.833669525191001,3.638141757452688,False,False,False,adaptive_fusion,38,8.5,3.5,0.6112021160355848,vlp_heavy,raw,raw,0.09052078575288278,0.6744814289103592,0.6112021160355848,1.3831478323134414,0.15,0.75,0.1
72,s3_vlp_blocked,7.664684483724226,3.3337804086327285,False,False,False,adaptive_fusion,37,7.5,3.5,0.7806404961349142,vlp_heavy,raw,raw,0.13615251930779798,0.9999999273682221,0.7806404961349142,1.0562116313774592,0.15,0.75,0.1
73,s3_vlp_blocked,7.325126662205962,3.0900072935102134,False,False,False,adaptive_fusion,37,7.5,3.5,0.7950058992269781,vlp_heavy,raw,raw,0.11324240562002151,0.9999999993006208,0.7950058992269781,1.0202296338614696,0.15,0.75,0.1
74,s3_vlp_blocked,7.295614884999138,2.9887682845800643,False,False,False,adaptive_fusion,37,7.5,3.5,0.7865664841661131,vlp_heavy,raw,raw,0.16510756463650897,0.99999999929772,0.7865664841661131,1.013883758972779,0.15,0.75,0.1
75,s3_vlp_blocked,7.296351451677773,2.798195708361908,False,True,False,adaptive_fusion,37,7.5,3.5,0.23046467689241898,graph_prior_heavy,raw,median,0.08629850913028103,0.4499999996852794,0.23046467689241898,2.511185235864659,0.2,0.2,0.6
76,s3_vlp_blocked,7.251642624966383,2.337893241987238,False,True,False,adaptive_fusion,37,7.5,3.5,0.25893078134777653,graph_prior_heavy,raw,median,0.1131488229488619,0.4499999968348819,0.25893078134777653,2.367321595267056,0.2,0.2,0.6
77,s3_vlp_blocked,7.191112638050282,2.11104971712342,False,True,False,adaptive_fusion,27,7.5,2.5,0.26293523615436115,graph_prior_heavy,raw,median,0.11708476699866588,0.4499999996852794,0.26293523615436115,2.5893911138669345,0.2,0.2,0.6
78,s3_vlp_blocked,7.088997127565227,1.8280730412017787,False,True,False,adaptive_fusion,17,7.5,1.5,0.2979422824582936,graph_prior_heavy,raw,median,0.16480216284343552,0.44999999968527943,0.2979422824582936,2.4065022881971356,0.2,0.2,0.6
79,s3_vlp_blocked,7.114586335383993,1.531713950324241,False,True,False,adaptive_fusion,17,7.5,1.5,0.4046286889795206,graph_prior_heavy,raw,median,0.15091566390185032,0.44999999968527943,0.4046286889795206,2.138818563455574,0.2,0.2,0.6
80,s3_vlp_blocked,7.170157133048356,1.3067743629177078,False,True,False,adaptive_fusion,17,7.5,1.5,0.4275069249663447,graph_prior_heavy,raw,median,0.31037443138307697,0.44999999968527943,0.4275069249663447,1.896511780656135,0.2,0.2,0.6
81,s3_vlp_blocked,7.201631077444322,1.1339839347561254,False,True,False,adaptive_fusion,7,7.5,0.5,0.34621005423742657,graph_prior_heavy,raw,median,0.40420526706384635,0.44999999968527943,0.34621005423742657,1.789445722868058,0.2,0.2,0.6
82,s3_vlp_blocked,7.155776983713249,0.8528139925624313,False,True,False,adaptive_fusion,7,7.5,0.5,0.29200517435858087,graph_prior_heavy,raw,median,0.23105605214205793,0.44999999968527943,0.29200517435858087,2.350585809949313,0.2,0.2,0.6
83,s3_vlp_blocked,6.976127786010122,0.4956267479912126,False,False,False,adaptive_fusion,7,7.5,0.5,0.8416243654763638,vlp_heavy,raw,raw,0.23969539947833213,0.9999999993006209,0.8416243654763638,0.7818925266882827,0.15,0.75,0.1
84,s3_vlp_blocked,6.74255867268218,0.0843728881784015,False,False,False,adaptive_fusion,6,6.5,0.5,0.845492984043445,vlp_heavy,raw,raw,0.23336401365100912,0.9999999993006209,0.845492984043445,0.7770112443279485,0.15,0.75,0.1
85,s3_vlp_blocked,7.064294392948221,0.3942671783051067,False,False,False,adaptive_fusion,6,6.5,0.5,0.8160952887188412,vlp_heavy,raw,raw,0.12841447374735482,0.9999999993006209,0.8160952887188412,0.8715212109771747,0.15,0.75,0.1
86,s3_vlp_blocked,7.176188436555574,0.5060043216815018,False,False,False,adaptive_fusion,7,7.5,0.5,0.8252371000418083,vlp_heavy,raw,raw,0.16395673430162785,0.9999999993006209,0.8252371000418083,0.8654962906361476,0.15,0.75,0.1
87,s3_vlp_blocked,7.307226017604519,0.5668144077417742,False,False,False,adaptive_fusion,7,7.5,0.5,0.7876492248289674,vlp_heavy,raw,raw,0.3761989581837014,0.9999999991618238,0.7876492248289674,0.885125150153493,0.15,0.75,0.1
88,s3_vlp_blocked,7.687860172244926,0.7189120364284933,False,False,False,adaptive_fusion,7,7.5,0.5,0.825338736583246,vlp_heavy,raw,raw,0.1792404365188988,0.9999999724108265,0.825338736583246,0.8282958987390456,0.15,0.75,0.1
89,s3_vlp_blocked,7.983386792676343,0.8375621710500243,False,False,False,adaptive_fusion,7,7.5,0.5,0.8121862339410216,vlp_heavy,raw,raw,0.11710174974111129,0.9999999914776471,0.8121862339410216,0.8975936285679134,0.15,0.75,0.1
90,s3_vlp_blocked,8.256293406597695,0.875446755726633,False,False,False,adaptive_fusion,8,8.5,0.5,0.8246132796174789,vlp_heavy,raw,raw,0.1900499495375665,0.9992571393387829,0.8246132796174789,0.7266670452860833,0.15,0.75,0.1
91,s3_vlp_blocked,8.425989160054677,0.93045254740169,False,False,False,adaptive_fusion,8,8.5,0.5,0.8397723692760996,vlp_heavy,raw,raw,0.2555922925312016,0.9999972377329949,0.8397723692760996,0.6700409407784326,0.15,0.75,0.1
92,s3_vlp_blocked,8.863055882305986,1.1231286812777777,False,False,False,adaptive_fusion,19,9.5,1.5,0.8042184230156212,vlp_heavy,raw,raw,0.2558062253716338,0.9977500652500668,0.8042184230156212,0.7794542259804249,0.15,0.75,0.1
93,s3_vlp_blocked,9.23021965860404,1.1465464090231468,False,False,False,adaptive_fusion,19,9.5,1.5,0.8317736569410267,vlp_heavy,raw,raw,0.23976429678162597,0.9867522692945456,0.8317736569410267,0.6940977871693024,0.15,0.75,0.1
94,s3_vlp_blocked,9.37371170551081,1.169754508811914,False,False,False,adaptive_fusion,19,9.5,1.5,0.6471094255893379,vlp_heavy,raw,raw,0.2687848256497483,0.7072444608374874,0.6471094255893379,1.0330729346673417,0.15,0.75,0.1
95,s3_vlp_blocked,9.770217154834045,1.159649324523821,False,False,False,adaptive_fusion,9,9.5,0.5,0.8208460400359756,vlp_heavy,raw,raw,0.2188558906138854,0.9999999993006209,0.8208460400359756,0.764887212201556,0.15,0.75,0.1
96,s3_vlp_blocked,9.5806362152392,1.1294724581913531,False,False,False,adaptive_fusion,19,9.5,1.5,0.8065473842552922,vlp_heavy,raw,raw,0.24472788308811438,0.9678793183991529,0.8065473842552922,0.7739687368007362,0.15,0.75,0.1
97,s3_vlp_blocked,9.431952925308204,0.9654622254894044,False,False,False,adaptive_fusion,19,9.5,1.5,0.7910942193205897,vlp_heavy,raw,raw,0.20587376164450177,0.9370151260639676,0.7910942193205897,0.8061752818703101,0.15,0.75,0.1
98,s3_vlp_blocked,9.360595724435434,0.6120686019402459,False,False,False,adaptive_fusion,9,9.5,0.5,0.8384701666349842,vlp_heavy,raw,raw,0.22247934647416714,0.9999999993006209,0.8384701666349842,0.6617642160336829,0.15,0.75,0.1
99,s3_vlp_blocked,9.26764607580253,0.4010204672213302,False,False,False,adaptive_fusion,9,9.5,0.5,0.8649981819653262,vlp_heavy,raw,raw,0.3448576740200497,0.9999999993006209,0.8649981819653262,0.5665407843739847,0.15,0.75,0.1
0,s4_mixed_dynamic,3.50146586178358,2.794545781008381,False,False,True,adaptive_fusion,23,3.5,2.5,0.7951546929391152,vlp_heavy,raw,raw,0.07128851389917956,0.9999999993006209,0.7951546929391152,1.0627140085420343,0.15,0.75,0.1
1,s4_mixed_dynamic,3.8334314692961406,3.0879105600798664,False,False,True,adaptive_fusion,33,3.5,3.5,0.7736520698667034,vlp_heavy,raw,raw,0.15995815653885825,0.9999999993006208,0.7736520698667034,1.0762980953107548,0.15,0.75,0.1
2,s4_mixed_dynamic,4.0456173120900445,3.1263296245930507,False,False,True,adaptive_fusion,33,3.5,3.5,0.7817609796114388,vlp_heavy,raw,raw,0.086813519782003,0.9999999963216898,0.7817609796114388,1.1068669762808596,0.15,0.75,0.1
3,s4_mixed_dynamic,4.42592581634721,3.113695449768073,False,False,True,adaptive_fusion,24,4.5,2.5,0.8034796071185765,vlp_heavy,raw,raw,0.09081203964703477,0.9998531475233676,0.8034796071185765,1.0175848575076636,0.15,0.75,0.1
4,s4_mixed_dynamic,4.708255729915193,3.19039433570727,False,False,True,adaptive_fusion,34,4.5,3.5,0.7872323212733102,vlp_heavy,raw,raw,0.07721911919952289,0.9999999993006208,0.7872323212733102,1.1042726567463366,0.15,0.75,0.1
5,s4_mixed_dynamic,4.978762662726669,3.137730843885924,False,False,True,adaptive_fusion,34,4.5,3.5,0.7754297482530204,vlp_heavy,raw,raw,0.14398697242016167,0.9999999993006208,0.7754297482530204,1.063059009905268,0.15,0.75,0.1
6,s4_mixed_dynamic,5.202025987228208,3.1529819162085304,False,False,True,adaptive_fusion,35,5.5,3.5,0.8038448426551756,vlp_heavy,raw,raw,0.07093747501760048,0.9999999993006208,0.8038448426551756,1.0316598030164896,0.15,0.75,0.1
7,s4_mixed_dynamic,5.347337808465035,3.292281793156062,False,False,True,adaptive_fusion,35,5.5,3.5,0.78653683094142,vlp_heavy,raw,raw,0.056889081403589496,0.9999999993006208,0.78653683094142,1.1224816758696579,0.15,0.75,0.1
8,s4_mixed_dynamic,5.716827179474,3.58088982297864,False,False,True,adaptive_fusion,35,5.5,3.5,0.8088561844693333,vlp_heavy,raw,raw,0.08567463526105444,0.9999999993006208,0.8088561844693333,0.9990109347170973,0.15,0.75,0.1
9,s4_mixed_dynamic,5.862414412197704,3.68421178879823,False,False,True,adaptive_fusion,35,5.5,3.5,0.7851073008000133,vlp_heavy,raw,raw,0.09266319869215778,0.9999999993006208,0.7851073008000133,1.0757699985037155,0.15,0.75,0.1
10,s4_mixed_dynamic,6.2621648807209205,3.865009897723677,True,False,True,adaptive_fusion,46,6.5,4.5,0.7780779144853144,vlp_heavy,moving_average,raw,0.045344789606837174,0.9999999993006208,0.7780779144853144,1.1959808833587269,0.15,0.75,0.1
11,s4_mixed_dynamic,6.386402797469953,4.000359969380765,True,False,True,adaptive_fusion,46,6.5,4.5,0.776522540974427,vlp_heavy,moving_average,raw,0.03694587318261717,0.9999999993006208,0.776522540974427,1.2160624589603146,0.15,0.75,0.1
12,s4_mixed_dynamic,6.486403725025359,4.131792507959473,True,False,True,adaptive_fusion,46,6.5,4.5,0.7871374261473275,vlp_heavy,moving_average,raw,0.044788342281499874,0.9999999919785195,0.7871374261473275,1.1745408016303154,0.15,0.75,0.1
13,s4_mixed_dynamic,6.594101310260236,4.146666699824417,True,False,True,adaptive_fusion,47,7.5,4.5,0.7750010787531924,vlp_heavy,moving_average,raw,0.025411207190850087,0.9999999993006208,0.7750010787531924,1.2990832589352026,0.15,0.75,0.1
14,s4_mixed_dynamic,6.938536691705024,4.190811224101229,True,False,True,adaptive_fusion,47,7.5,4.5,0.7741135570391594,vlp_heavy,moving_average,raw,0.026303206284654223,0.9999999993006208,0.7741135570391594,1.2627032012063955,0.15,0.75,0.1
15,s4_mixed_dynamic,7.095444556622987,4.3190830854397095,True,False,True,adaptive_fusion,47,7.5,4.5,0.7791967323569743,vlp_heavy,moving_average,raw,0.030236752087861078,0.9999999993006208,0.7791967323569743,1.229965640466858,0.15,0.75,0.1
16,s4_mixed_dynamic,7.322508343984496,4.588300078241882,True,False,True,adaptive_fusion,47,7.5,4.5,0.7768838025171038,vlp_heavy,moving_average,raw,0.04508461606427735,0.9999999993006208,0.7768838025171038,1.1946653280846196,0.15,0.75,0.1
17,s4_mixed_dynamic,7.446193242310456,4.675563891349093,True,False,True,adaptive_fusion,47,7.5,4.5,0.7733397530198084,vlp_heavy,moving_average,raw,0.05161935743626669,0.9999999993006208,0.7733397530198084,1.269914379593721,0.15,0.75,0.1
18,s4_mixed_dynamic,7.634031718409139,4.77391982605946,True,False,True,adaptive_fusion,47,7.5,4.5,0.7753964042410536,vlp_heavy,moving_average,raw,0.05481643756262482,0.9999982430586225,0.7753964042410536,1.183099466573518,0.15,0.75,0.1
19,s4_mixed_dynamic,7.862727723450558,4.97492979510894,True,False,True,adaptive_fusion,49,9.5,4.5,0.7863116302982321,vlp_heavy,moving_average,raw,0.05204231392942361,0.9999974268708761,0.7863116302982321,1.1326392860860643,0.15,0.75,0.1
20,s4_mixed_dynamic,7.939266457295782,5.129541394281456,True,False,True,adaptive_fusion,57,7.5,5.5,0.7640362337708958,vlp_heavy,moving_average,raw,0.04517574125221576,0.9256231240003059,0.7640362337708958,1.2125386836495702,0.15,0.75,0.1
21,s4_mixed_dynamic,8.011102297567714,5.276303396065385,True,False,True,adaptive_fusion,58,8.5,5.5,0.5651390475132764,vlp_heavy,moving_average,raw,0.04091936659569954,0.6296908599155651,0.5651390475132764,1.6178334058919526,0.15,0.75,0.1
22,s4_mixed_dynamic,8.343062278059984,5.445902988798278,False,False,True,adaptive_fusion,58,8.5,5.5,0.7858124846245954,vlp_heavy,raw,raw,0.05915925165581871,0.9999999942253839,0.7858124846245954,1.1245366766649931,0.15,0.75,0.1
23,s4_mixed_dynamic,8.52052164720882,5.6027346910434765,False,False,True,adaptive_fusion,58,8.5,5.5,0.7835095495680112,vlp_heavy,raw,raw,0.12097583461533107,0.9999998652976692,0.7835095495680112,1.0681472034560224,0.15,0.75,0.1
24,s4_mixed_dynamic,8.840063415262575,5.876328672083288,False,False,True,adaptive_fusion,69,9.5,6.5,0.7767245346435006,vlp_heavy,raw,raw,0.04795259572359398,0.9999999993006207,0.7767245346435006,1.2544391007732851,0.15,0.75,0.1
25,s4_mixed_dynamic,9.133542118122302,6.275738550131283,False,True,True,adaptive_fusion,58,8.5,5.5,0.24672333507001526,graph_prior_heavy,raw,median,0.10639215178106969,0.449999999357077,0.24672333507001526,2.7124902994472317,0.2,0.2,0.6
26,s4_mixed_dynamic,9.35618800793218,6.65718067016028,False,True,True,adaptive_fusion,58,8.5,5.5,0.28299518767805765,graph_prior_heavy,raw,median,0.08971419959181698,0.4499999996852794,0.28299518767805765,2.526345311420541,0.2,0.2,0.6
27,s4_mixed_dynamic,9.561103088027537,7.107641397521033,False,True,True,adaptive_fusion,69,9.5,6.5,0.3288516782165017,graph_prior_heavy,raw,median,0.15038282962883606,0.4499999996852793,0.3288516782165017,1.9426649839074668,0.2,0.2,0.6
28,s4_mixed_dynamic,9.62294450389752,7.287936096739562,False,True,True,adaptive_fusion,69,9.5,6.5,0.3099934943799334,graph_prior_heavy,raw,median,0.1446197195973446,0.4499999996852793,0.3099934943799334,2.296918380738207,0.2,0.2,0.6
29,s4_mixed_dynamic,9.567042849149868,7.590650497286169,False,True,True,adaptive_fusion,98,8.5,9.5,0.3479959258288837,graph_prior_heavy,raw,median,0.12750860868931446,0.44999999968527926,0.3479959258288837,2.333445431574772,0.2,0.2,0.6
30,s4_mixed_dynamic,9.368809486427658,7.926124173973704,False,True,True,adaptive_fusion,98,8.5,9.5,0.21569976040895134,graph_prior_heavy,raw,median,0.019531026215683575,0.44999999963036386,0.21569976040895134,2.9254242517802593,0.2,0.2,0.6
31,s4_mixed_dynamic,9.317903367352146,8.04732779879347,False,True,True,adaptive_fusion,89,9.5,8.5,0.39354706155474306,graph_prior_heavy,raw,median,0.05889055185854384,0.44999986990669893,0.39354706155474306,2.307936320399568,0.2,0.2,0.6
32,s4_mixed_dynamic,9.186332412855084,8.43241929333643,False,True,True,adaptive_fusion,89,9.5,8.5,0.4586366183655114,graph_prior_heavy,raw,median,0.16771824945428404,0.4499999978287411,0.4586366183655114,1.7198554574719762,0.2,0.2,0.6
33,s4_mixed_dynamic,9.112727671229193,8.796655767469591,False,True,True,adaptive_fusion,89,9.5,8.5,0.23922037509322738,graph_prior_heavy,raw,median,0.08530312149610486,0.44999999761947446,0.23922037509322738,2.790952298244913,0.2,0.2,0.6
34,s4_mixed_dynamic,9.270799859312152,9.22745450829668,False,True,True,adaptive_fusion,89,9.5,8.5,0.29964547451111523,graph_prior_heavy,raw,median,0.3814268445293529,0.44999999761947446,0.29964547451111523,2.2212249045018897,0.2,0.2,0.6
35,s4_mixed_dynamic,9.423420837008932,9.422997081607893,False,False,True,adaptive_fusion,99,9.5,9.5,0.8247790782154848,vlp_heavy,raw,raw,0.13414794675907432,0.9999999993006207,0.8247790782154848,0.8403470565258664,0.15,0.75,0.1
36,s4_mixed_dynamic,9.481110661263054,9.62212971253768,False,False,True,adaptive_fusion,99,9.5,9.5,0.8250541789146407,vlp_heavy,raw,raw,0.1357683469512733,0.9999999993006207,0.8250541789146407,0.8720593085386231,0.15,0.75,0.1
37,s4_mixed_dynamic,9.541752579513968,9.92203908827878,False,False,True,adaptive_fusion,99,9.5,9.5,0.8367526547973416,vlp_heavy,raw,raw,0.17326286319513987,0.9999999993006207,0.8367526547973416,0.8114962590723285,0.15,0.75,0.1
38,s4_mixed_dynamic,9.402562603553038,9.543991147418636,False,False,True,adaptive_fusion,99,9.5,9.5,0.8517334804198406,vlp_heavy,raw,raw,0.23636369066267876,0.9999999993006207,0.8517334804198406,0.7318290793650062,0.15,0.75,0.1
39,s4_mixed_dynamic,9.44479730227728,9.391504817262849,False,False,True,adaptive_fusion,99,9.5,9.5,0.8227948850689129,vlp_heavy,raw,raw,0.11984156602944354,0.9999999993006207,0.8227948850689129,0.8760670994420259,0.15,0.75,0.1
40,s4_mixed_dynamic,9.525454359161255,8.940867722935458,False,False,True,adaptive_fusion,89,9.5,8.5,0.7817078925289277,vlp_heavy,raw,raw,0.031159986064526097,0.9703907737295396,0.7817078925289277,1.2102955469093597,0.15,0.75,0.1
41,s4_mixed_dynamic,9.823585243977655,8.584999463128653,False,False,True,adaptive_fusion,99,9.5,9.5,0.789977898012521,vlp_heavy,raw,raw,0.17043560066225208,0.9999999993006207,0.789977898012521,0.9551616335856713,0.15,0.75,0.1
42,s4_mixed_dynamic,9.694700842723162,8.966546447675274,False,False,True,adaptive_fusion,99,9.5,9.5,0.8109915197296657,vlp_heavy,raw,raw,0.0822732542569542,0.9999999993006207,0.8109915197296657,0.9395481048160335,0.15,0.75,0.1
43,s4_mixed_dynamic,9.569223421271444,9.326938465999294,False,False,True,adaptive_fusion,99,9.5,9.5,0.8075741127716055,vlp_heavy,raw,raw,0.08397026188147466,0.9999999993006207,0.8075741127716055,0.9800085338012371,0.15,0.75,0.1
44,s4_mixed_dynamic,9.534535416987817,9.784343768551336,False,False,True,adaptive_fusion,99,9.5,9.5,0.8099329345086396,vlp_heavy,raw,raw,0.12486293605535648,0.9999999993006207,0.8099329345086396,0.88742763243381,0.15,0.75,0.1
45,s4_mixed_dynamic,9.54487381028695,9.92332836828298,True,False,True,adaptive_fusion,99,9.5,9.5,0.8563951298509552,vlp_heavy,moving_average,raw,0.12975920494759585,0.9999999993006207,0.8563951298509552,0.6907337467864562,0.15,0.75,0.1
46,s4_mixed_dynamic,9.558162041417896,9.663482828106742,True,False,True,adaptive_fusion,99,9.5,9.5,0.8685399787758158,vlp_heavy,moving_average,raw,0.17712209019084968,0.9999999993006207,0.8685399787758158,0.6071755932133255,0.15,0.75,0.1
47,s4_mixed_dynamic,9.5646528065164,9.424365913186056,True,False,True,adaptive_fusion,99,9.5,9.5,0.8500559154211148,vlp_heavy,moving_average,raw,0.18660669876662836,0.9999999993006207,0.8500559154211148,0.7475732009183428,0.15,0.75,0.1
48,s4_mixed_dynamic,9.50103939557558,9.114055937821927,True,False,True,adaptive_fusion,89,9.5,8.5,0.6682565098437311,vlp_heavy,moving_average,raw,0.10726200548635934,0.7177124113809664,0.6682565098437311,1.2265757609125472,0.15,0.75,0.1
49,s4_mixed_dynamic,9.414656161118282,8.731094504017625,True,False,True,adaptive_fusion,89,9.5,8.5,0.8265815779737363,vlp_heavy,moving_average,raw,0.10901814624165869,0.9999862513663516,0.8265815779737363,0.7489110191960551,0.15,0.75,0.1
50,s4_mixed_dynamic,9.21633605588256,8.49062670552971,True,False,True,adaptive_fusion,89,9.5,8.5,0.816355675247125,vlp_heavy,moving_average,raw,0.14831082296134726,0.9994027093195826,0.816355675247125,0.862643180387457,0.15,0.75,0.1
51,s4_mixed_dynamic,9.11760935449355,8.438577566893754,True,False,True,adaptive_fusion,89,9.5,8.5,0.801367709616226,vlp_heavy,moving_average,raw,0.06768169884062412,0.9999962520710248,0.801367709616226,1.0671828126295821,0.15,0.75,0.1
52,s4_mixed_dynamic,8.922779282926651,8.205081914366874,True,False,True,adaptive_fusion,88,8.5,8.5,0.7747242243513618,vlp_heavy,moving_average,raw,0.07322968880146992,0.9999999843585149,0.7747242243513618,1.149140797547375,0.15,0.75,0.1
53,s4_mixed_dynamic,8.733693244154269,8.016610598714413,True,False,True,adaptive_fusion,88,8.5,8.5,0.776291339476111,vlp_heavy,moving_average,raw,0.08846353042405217,0.9997270321428574,0.776291339476111,0.992621894777413,0.15,0.75,0.1
54,s4_mixed_dynamic,8.604067606013617,7.71418254806786,True,False,True,adaptive_fusion,78,8.5,7.5,0.785716658798794,vlp_heavy,moving_average,raw,0.060792882986901824,0.9945941313759857,0.785716658798794,1.1289729661644614,0.15,0.75,0.1
55,s4_mixed_dynamic,8.380292121918876,7.508518197183664,False,False,True,adaptive_fusion,78,8.5,7.5,0.7861384852751312,vlp_heavy,raw,raw,0.05329730296644027,0.9999999993006207,0.7861384852751312,1.1331976545520253,0.15,0.75,0.1
56,s4_mixed_dynamic,8.261298236940235,7.032237617033076,False,False,True,adaptive_fusion,78,8.5,7.5,0.7935290724282126,vlp_heavy,raw,raw,0.034975322371809926,0.9999930468697064,0.7935290724282126,1.172973705601871,0.15,0.75,0.1
57,s4_mixed_dynamic,8.367834526148913,6.700942345233571,False,False,True,adaptive_fusion,68,8.5,6.5,0.7973802323462893,vlp_heavy,raw,raw,0.050002685598050906,0.9999999696809599,0.7973802323462893,1.0970009804935428,0.15,0.75,0.1
58,s4_mixed_dynamic,8.353958878788386,6.494196804329148,False,False,True,adaptive_fusion,68,8.5,6.5,0.7969341302019669,vlp_heavy,raw,raw,0.09955215881413874,0.9999999993006207,0.7969341302019669,0.9958247107642154,0.15,0.75,0.1
59,s4_mixed_dynamic,8.336546429042226,6.293616283957347,False,False,True,adaptive_fusion,68,8.5,6.5,0.7784729548196471,vlp_heavy,raw,raw,0.09796862765441877,0.9999927036158938,0.7784729548196471,1.1072552545359111,0.15,0.75,0.1
60,s4_mixed_dynamic,8.40346815147133,6.116995442632617,False,False,True,adaptive_fusion,69,9.5,6.5,0.7763641020277979,vlp_heavy,raw,raw,0.04644173537955855,0.9999999993006207,0.7763641020277979,1.2100180444605497,0.15,0.75,0.1
61,s4_mixed_dynamic,8.546844700935843,5.924881887661858,False,False,True,adaptive_fusion,69,9.5,6.5,0.7745061082198786,vlp_heavy,raw,raw,0.05935733739533974,0.9999999993006207,0.7745061082198786,1.2230412638176464,0.15,0.75,0.1
62,s4_mixed_dynamic,8.729904160776496,5.547744951919951,False,False,True,adaptive_fusion,58,8.5,5.5,0.8086545786808637,vlp_heavy,raw,raw,0.0909465206635332,0.9999999993006208,0.8086545786808637,0.9657121771262234,0.15,0.75,0.1
63,s4_mixed_dynamic,8.77202584280195,5.143629060389316,False,False,True,adaptive_fusion,59,9.5,5.5,0.7888662554040535,vlp_heavy,raw,raw,0.10951377890808289,0.9999999993006208,0.7888662554040535,1.0362209116434666,0.15,0.75,0.1
64,s4_mixed_dynamic,8.718437609453172,4.97610578105409,False,False,True,adaptive_fusion,49,9.5,4.5,0.7867880010810085,vlp_heavy,raw,raw,0.11027107681622098,0.9999999993006208,0.7867880010810085,1.0309017093959427,0.15,0.75,0.1
65,s4_mixed_dynamic,8.667563530000693,4.866630764710654,False,True,True,adaptive_fusion,59,9.5,5.5,0.2754597427040924,graph_prior_heavy,raw,median,0.0722858765326596,0.4499999996852794,0.2754597427040924,2.5817420195016663,0.2,0.2,0.6
66,s4_mixed_dynamic,8.542366419283344,4.760216825616967,False,True,True,adaptive_fusion,49,9.5,4.5,0.3441304867971906,graph_prior_heavy,raw,median,0.08802012460666137,0.4499999996852794,0.3441304867971906,2.612838079005857,0.2,0.2,0.6
67,s4_mixed_dynamic,8.382687489621802,4.499553999003734,False,True,True,adaptive_fusion,49,9.5,4.5,0.30246819235400635,graph_prior_heavy,raw,median,0.11387583887375026,0.4499999996852794,0.30246819235400635,2.551278386298435,0.2,0.2,0.6
68,s4_mixed_dynamic,8.31381336958047,4.356990528873265,False,True,True,adaptive_fusion,9,9.5,0.5,0.35623844142098915,graph_prior_heavy,raw,median,0.21002208953479137,0.44999999968527943,0.35623844142098915,2.2487230593944467,0.2,0.2,0.6
69,s4_mixed_dynamic,8.173199902177743,4.055129301838792,False,True,True,adaptive_fusion,9,9.5,0.5,0.20027904447776693,graph_prior_heavy,raw,median,0.08753389126541244,0.44999999968527943,0.20027904447776693,2.6829748909282496,0.2,0.2,0.6
70,s4_mixed_dynamic,7.958876024659174,3.799783052657366,False,True,True,adaptive_fusion,39,9.5,3.5,0.2615307657757385,graph_prior_heavy,raw,median,0.13195442877138394,0.4499999996852794,0.2615307657757385,2.4022541010735563,0.2,0.2,0.6
71,s4_mixed_dynamic,7.833669525191001,3.638141757452688,False,True,True,adaptive_fusion,39,9.5,3.5,0.2081582596798808,graph_prior_heavy,raw,median,0.0610350100625137,0.4499999996852794,0.2081582596798808,2.938260820058717,0.2,0.2,0.6
72,s4_mixed_dynamic,7.664684483724226,3.3337804086327285,False,True,True,adaptive_fusion,39,9.5,3.5,0.34778211391290037,graph_prior_heavy,raw,median,0.13670131422262052,0.4499999996852794,0.34778211391290037,2.2659210667796494,0.2,0.2,0.6
73,s4_mixed_dynamic,7.325126662205962,3.0900072935102134,False,True,True,adaptive_fusion,45,5.5,4.5,0.33724338285959654,graph_prior_heavy,raw,median,0.11410184213180406,0.4499999996852794,0.33724338285959654,2.6212450104223115,0.2,0.2,0.6
74,s4_mixed_dynamic,7.295614884999138,2.9887682845800643,False,True,True,adaptive_fusion,45,5.5,4.5,0.20033819410402973,graph_prior_heavy,raw,median,0.16101184375299293,0.4499999996852794,0.20033819410402973,2.4701300130839665,0.2,0.2,0.6
75,s4_mixed_dynamic,7.296351451677773,2.798195708361908,False,True,True,adaptive_fusion,45,5.5,4.5,0.33695994280212016,graph_prior_heavy,raw,median,0.22330844090004856,0.4499999996852794,0.33695994280212016,2.46615566537842,0.2,0.2,0.6
76,s4_mixed_dynamic,7.251642624966383,2.337893241987238,False,True,True,adaptive_fusion,45,5.5,4.5,0.2000007179571969,graph_prior_heavy,raw,median,0.21742362859595932,0.4499999996852794,0.2000007179571969,2.533462123817949,0.2,0.2,0.6
77,s4_mixed_dynamic,7.191112638050282,2.11104971712342,False,True,True,adaptive_fusion,45,5.5,4.5,0.20032767001719,graph_prior_heavy,raw,median,0.1446107602678804,0.4499999996852794,0.20032767001719,2.571544715330508,0.2,0.2,0.6
78,s4_mixed_dynamic,7.088997127565227,1.8280730412017787,False,True,True,adaptive_fusion,7,7.5,0.5,0.42447833351534286,graph_prior_heavy,raw,median,0.34138030098068284,0.4499999996826176,0.42447833351534286,1.822981900276519,0.2,0.2,0.6
79,s4_mixed_dynamic,7.114586335383993,1.531713950324241,False,True,True,adaptive_fusion,17,7.5,1.5,0.4199134948683708,graph_prior_heavy,raw,median,0.14789397228720635,0.4499990005951125,0.4199134948683708,2.0740643157965906,0.2,0.2,0.6
80,s4_mixed_dynamic,7.170157133048356,1.3067743629177078,True,False,True,adaptive_fusion,17,7.5,1.5,0.7923958551873124,vlp_heavy,moving_average,raw,0.05626262780064035,0.9999999932543046,0.7923958551873124,1.0220398038982808,0.15,0.75,0.1
81,s4_mixed_dynamic,7.201631077444322,1.1339839347561254,True,False,True,adaptive_fusion,7,7.5,0.5,0.794057406971762,vlp_heavy,moving_average,raw,0.05461785073237512,0.9999999993006209,0.794057406971762,1.0012149125486285,0.15,0.75,0.1
82,s4_mixed_dynamic,7.155776983713249,0.8528139925624313,True,False,True,adaptive_fusion,7,7.5,0.5,0.8215065215251571,vlp_heavy,moving_average,raw,0.10156104076298747,0.9999991373039171,0.8215065215251571,0.8591324876393749,0.15,0.75,0.1
83,s4_mixed_dynamic,6.976127786010122,0.4956267479912126,True,False,True,adaptive_fusion,7,7.5,0.5,0.8224230425961667,vlp_heavy,moving_average,raw,0.12609894523310947,0.9519999055158381,0.8224230425961667,0.7940954604796393,0.15,0.75,0.1
84,s4_mixed_dynamic,6.74255867268218,0.0843728881784015,True,False,True,adaptive_fusion,6,6.5,0.5,0.7739594982464946,vlp_heavy,moving_average,raw,0.12107014139837062,0.9999999993006209,0.7739594982464946,1.0177291994563005,0.15,0.75,0.1
85,s4_mixed_dynamic,7.064294392948221,0.3942671783051067,True,False,True,adaptive_fusion,6,6.5,0.5,0.7760031061391256,vlp_heavy,moving_average,raw,0.14654772415986625,0.9999999993006209,0.7760031061391256,0.9474395519355405,0.15,0.75,0.1
86,s4_mixed_dynamic,7.176188436555574,0.5060043216815018,True,False,True,adaptive_fusion,7,7.5,0.5,0.7793593591924254,vlp_heavy,moving_average,raw,0.10244790308418351,0.9999999993006209,0.7793593591924254,1.0490506815590497,0.15,0.75,0.1
87,s4_mixed_dynamic,7.307226017604519,0.5668144077417742,True,False,True,adaptive_fusion,7,7.5,0.5,0.7913808806292749,vlp_heavy,moving_average,raw,0.13849816237677517,0.9999999917830215,0.7913808806292749,0.9103946294301355,0.15,0.75,0.1
88,s4_mixed_dynamic,7.687860172244926,0.7189120364284933,False,False,True,adaptive_fusion,7,7.5,0.5,0.7960606272335392,vlp_heavy,raw,raw,0.3070602513097136,0.9999996525436146,0.7960606272335392,0.8808761535555559,0.15,0.75,0.1
89,s4_mixed_dynamic,7.983386792676343,0.8375621710500243,False,False,True,adaptive_fusion,8,8.5,0.5,0.8198309642365895,vlp_heavy,raw,raw,0.2559986896303562,0.9480397725027895,0.8198309642365895,0.7556851398431772,0.15,0.75,0.1
90,s4_mixed_dynamic,8.256293406597695,0.875446755726633,False,False,True,adaptive_fusion,8,8.5,0.5,0.8254972023149667,vlp_heavy,raw,raw,0.26170122785014305,0.9999809830661148,0.8254972023149667,0.7312031849259132,0.15,0.75,0.1
91,s4_mixed_dynamic,8.425989160054677,0.93045254740169,False,False,True,adaptive_fusion,18,8.5,1.5,0.886856607699769,vlp_heavy,raw,raw,0.5317819239830419,0.9999957221253676,0.886856607699769,0.5437144107650541,0.15,0.75,0.1
92,s4_mixed_dynamic,8.863055882305986,1.1231286812777777,False,False,True,adaptive_fusion,19,9.5,1.5,0.7901645081733949,vlp_heavy,raw,raw,0.2909630752208534,0.949346498829117,0.7901645081733949,0.8125314247822172,0.15,0.75,0.1
93,s4_mixed_dynamic,9.23021965860404,1.1465464090231468,False,False,True,adaptive_fusion,19,9.5,1.5,0.8147392871840304,vlp_heavy,raw,raw,0.22775556774934222,0.9645319141995216,0.8147392871840304,0.7420965275511237,0.15,0.75,0.1
94,s4_mixed_dynamic,9.37371170551081,1.169754508811914,False,False,True,adaptive_fusion,19,9.5,1.5,0.8033387374448476,vlp_heavy,raw,raw,0.26124484551861205,0.9999671010985021,0.8033387374448476,0.7813344417579695,0.15,0.75,0.1
95,s4_mixed_dynamic,9.770217154834045,1.159649324523821,False,False,True,adaptive_fusion,9,9.5,0.5,0.8360579790029201,vlp_heavy,raw,raw,0.3275802003811788,0.9999999993006209,0.8360579790029201,0.6501986660238034,0.15,0.75,0.1
96,s4_mixed_dynamic,9.5806362152392,1.1294724581913531,False,False,True,adaptive_fusion,19,9.5,1.5,0.8131341223652867,vlp_heavy,raw,raw,0.22045857469310462,0.9999990187039878,0.8131341223652867,0.7488076610040388,0.15,0.75,0.1
97,s4_mixed_dynamic,9.431952925308204,0.9654622254894044,False,False,True,adaptive_fusion,19,9.5,1.5,0.82054260958022,vlp_heavy,raw,raw,0.2344849519774143,0.9998232946435738,0.82054260958022,0.7362665819334432,0.15,0.75,0.1
98,s4_mixed_dynamic,9.360595724435434,0.6120686019402459,False,False,True,adaptive_fusion,9,9.5,0.5,0.8270541542000354,vlp_heavy,raw,raw,0.22312191602750173,0.9999999993006209,0.8270541542000354,0.6978728800893689,0.15,0.75,0.1
99,s4_mixed_dynamic,9.26764607580253,0.4010204672213302,False,False,True,adaptive_fusion,9,9.5,0.5,0.8442288433111307,vlp_heavy,raw,raw,0.24526915855728684,0.9999999993006209,0.8442288433111307,0.6443891421375533,0.15,0.75,0.1
