t,scenario,true_x,true_y,wifi_degraded,vlp_blocked,mixed_dynamic,method,pred_cell_id,pred_x,pred_y,max_prob
0,s1_clean,6.1055626688123565,8.931678203850066,False,False,False,wifi_only,93,3.5,9.5,0.19030490561927146
0,s1_clean,6.1055626688123565,8.931678203850066,False,False,False,vlp_only,96,6.5,9.5,0.9999999999010001
0,s1_clean,6.1055626688123565,8.931678203850066,False,False,False,static_fusion,96,6.5,9.5,0.5841242814537886
1,s1_clean,6.320554771122484,9.075343533082185,False,False,False,wifi_only,86,6.5,8.5,0.1808208384391553
1,s1_clean,6.320554771122484,9.075343533082185,False,False,False,vlp_only,96,6.5,9.5,0.9999999999010001
1,s1_clean,6.320554771122484,9.075343533082185,False,False,False,static_fusion,96,6.5,9.5,0.5761046980101782
2,s1_clean,6.58026211240472,9.446929430621816,False,False,False,wifi_only,96,6.5,9.5,0.30055521958099735
2,s1_clean,6.58026211240472,9.446929430621816,False,False,False,vlp_only,96,6.5,9.5,0.9999999999010001
2,s1_clean,6.58026211240472,9.446929430621816,False,False,False,static_fusion,96,6.5,9.5,0.6502776097409987
3,s1_clean,6.690486996140005,9.773722821152626,False,False,False,wifi_only,93,3.5,9.5,0.2569551912046849
3,s1_clean,6.690486996140005,9.773722821152626,False,False,False,vlp_only,96,6.5,9.5,0.9999999999010001
3,s1_clean,6.690486996140005,9.773722821152626,False,False,False,static_fusion,96,6.5,9.5,0.550291936054238
4,s1_clean,6.648930003357536,9.453988556211296,False,False,False,wifi_only,93,3.5,9.5,0.3730256936561767
4,s1_clean,6.648930003357536,9.453988556211296,False,False,False,vlp_only,96,6.5,9.5,0.9999999999010001
4,s1_clean,6.648930003357536,9.453988556211296,False,False,False,static_fusion,96,6.5,9.5,0.576692303685354
5,s1_clean,6.503414861243288,9.34880509424309,False,False,False,wifi_only,86,6.5,8.5,0.3394595605188894
5,s1_clean,6.503414861243288,9.34880509424309,False,False,False,vlp_only,96,6.5,9.5,0.9999999999010001
5,s1_clean,6.503414861243288,9.34880509424309,False,False,False,static_fusion,96,6.5,9.5,0.6396000351748446
6,s1_clean,6.309679632446698,9.224501326679391,False,False,False,wifi_only,96,6.5,9.5,0.3720743049296144
6,s1_clean,6.309679632446698,9.224501326679391,False,False,False,vlp_only,96,6.5,9.5,0.9999999999010001
6,s1_clean,6.309679632446698,9.224501326679391,False,False,False,static_fusion,96,6.5,9.5,0.6860371524153073
7,s1_clean,6.06460409098813,9.084291660062746,False,False,False,wifi_only,95,5.5,9.5,0.38180506332256264
7,s1_clean,6.06460409098813,9.084291660062746,False,False,False,vlp_only,96,6.5,9.5,0.9999999999010001
7,s1_clean,6.06460409098813,9.084291660062746,False,False,False,static_fusion,96,6.5,9.5,0.5009148852877601
8,s1_clean,5.726062604387588,9.046898224684307,False,False,False,wifi_only,95,5.5,9.5,0.3598129102100459
8,s1_clean,5.726062604387588,9.046898224684307,False,False,False,vlp_only,85,5.5,8.5,0.9999999999010001
8,s1_clean,5.726062604387588,9.046898224684307,False,False,False,static_fusion,85,5.5,8.5,0.6186883020767614
9,s1_clean,5.334545965818324,9.091415993613808,False,False,False,wifi_only,84,4.5,8.5,0.4416852832518568
9,s1_clean,5.334545965818324,9.091415993613808,False,False,False,vlp_only,95,5.5,9.5,0.9999999999010001
9,s1_clean,5.334545965818324,9.091415993613808,False,False,False,static_fusion,95,5.5,9.5,0.5586628955270788
10,s1_clean,4.945823765007514,9.252578001847564,False,False,False,wifi_only,85,5.5,8.5,0.2934700691444847
10,s1_clean,4.945823765007514,9.252578001847564,False,False,False,vlp_only,94,4.5,9.5,0.9999999999010001
10,s1_clean,4.945823765007514,9.252578001847564,False,False,False,static_fusion,94,4.5,9.5,0.6057865267610263
11,s1_clean,4.721675127324938,9.340170350002357,False,False,False,wifi_only,95,5.5,9.5,0.3668576589246743
11,s1_clean,4.721675127324938,9.340170350002357,False,False,False,vlp_only,94,4.5,9.5,0.9999999999010001
11,s1_clean,4.721675127324938,9.340170350002357,False,False,False,static_fusion,94,4.5,9.5,0.6643636923826983
12,s1_clean,4.340963373281298,9.42272693147179,False,False,False,wifi_only,85,5.5,8.5,0.3085704889614735
12,s1_clean,4.340963373281298,9.42272693147179,False,False,False,vlp_only,94,4.5,9.5,0.9999999999010001
12,s1_clean,4.340963373281298,9.42272693147179,False,False,False,static_fusion,94,4.5,9.5,0.6000437075789259
13,s1_clean,4.095436566930193,9.473710426329454,False,False,False,wifi_only,93,3.5,9.5,0.29995946022199677
13,s1_clean,4.095436566930193,9.473710426329454,False,False,False,vlp_only,84,4.5,8.5,0.9999999998804966
13,s1_clean,4.095436566930193,9.473710426329454,False,False,False,static_fusion,84,4.5,8.5,0.5421086179348236
14,s1_clean,3.863209848904428,9.531730849012984,False,False,False,wifi_only,93,3.5,9.5,0.21018694442251887
14,s1_clean,3.863209848904428,9.531730849012984,False,False,False,vlp_only,93,3.5,9.5,0.9999999999010001
14,s1_clean,3.863209848904428,9.531730849012984,False,False,False,static_fusion,93,3.5,9.5,0.6050934721617595
15,s1_clean,3.520682956293645,9.491058893166894,False,False,False,wifi_only,96,6.5,9.5,0.2901914218217656
15,s1_clean,3.520682956293645,9.491058893166894,False,False,False,vlp_only,93,3.5,9.5,0.9999999999010001
15,s1_clean,3.520682956293645,9.491058893166894,False,False,False,static_fusion,93,3.5,9.5,0.5580239716213792
16,s1_clean,3.165382501834026,9.461587695941777,False,False,False,wifi_only,93,3.5,9.5,0.41011682751776174
16,s1_clean,3.165382501834026,9.461587695941777,False,False,False,vlp_only,93,3.5,9.5,0.999999998757409
16,s1_clean,3.165382501834026,9.461587695941777,False,False,False,static_fusion,93,3.5,9.5,0.7050584131375853
17,s1_clean,2.930245477093876,9.456164822050765,False,False,False,wifi_only,64,4.5,6.5,0.13500099662304627
17,s1_clean,2.930245477093876,9.456164822050765,False,False,False,vlp_only,92,2.5,9.5,0.9999999999010001
17,s1_clean,2.930245477093876,9.456164822050765,False,False,False,static_fusion,92,2.5,9.5,0.5149645026160751
18,s1_clean,2.7420797060020465,9.472996628406442,False,False,False,wifi_only,92,2.5,9.5,0.4421131512035236
18,s1_clean,2.7420797060020465,9.472996628406442,False,False,False,vlp_only,92,2.5,9.5,0.9999999999010001
18,s1_clean,2.7420797060020465,9.472996628406442,False,False,False,static_fusion,92,2.5,9.5,0.7210565755522619
19,s1_clean,2.4198638446847416,9.489528341112424,False,False,False,wifi_only,92,2.5,9.5,0.2023243496301963
19,s1_clean,2.4198638446847416,9.489528341112424,False,False,False,vlp_only,92,2.5,9.5,0.9999999999010001
19,s1_clean,2.4198638446847416,9.489528341112424,False,False,False,static_fusion,92,2.5,9.5,0.6011621747655983
20,s1_clean,2.0874415206005943,9.43132427410417,False,False,False,wifi_only,98,8.5,9.5,0.2664098526733588
20,s1_clean,2.0874415206005943,9.43132427410417,False,False,False,vlp_only,92,2.5,9.5,0.9998845873081471
20,s1_clean,2.0874415206005943,9.43132427410417,False,False,False,static_fusion,92,2.5,9.5,0.5233474794779758
21,s1_clean,1.6827551012106006,9.608276410412028,False,False,False,wifi_only,91,1.5,9.5,0.20463106776964515
21,s1_clean,1.6827551012106006,9.608276410412028,False,False,False,vlp_only,91,1.5,9.5,0.9998142946380347
21,s1_clean,1.6827551012106006,9.608276410412028,False,False,False,static_fusion,91,1.5,9.5,0.6022226812038399
22,s1_clean,1.5666621834216723,9.721824928735591,False,False,False,wifi_only,90,0.5,9.5,0.31425753591674227
22,s1_clean,1.5666621834216723,9.721824928735591,False,False,False,vlp_only,91,1.5,9.5,0.9999976968127741
22,s1_clean,1.5666621834216723,9.721824928735591,False,False,False,static_fusion,91,1.5,9.5,0.6069667868549582
23,s1_clean,1.8135872918506848,9.442076930062784,False,False,False,wifi_only,81,1.5,8.5,0.15827316517792345
23,s1_clean,1.8135872918506848,9.442076930062784,False,False,False,vlp_only,91,1.5,9.5,0.9999996796689299
23,s1_clean,1.8135872918506848,9.442076930062784,False,False,False,static_fusion,91,1.5,9.5,0.5536948050659015
24,s1_clean,1.9797748224675469,9.171124941492176,False,False,False,wifi_only,73,3.5,7.5,0.16082205001319685
24,s1_clean,1.9797748224675469,9.171124941492176,False,False,False,vlp_only,91,1.5,9.5,0.9937284457855414
24,s1_clean,1.9797748224675469,9.171124941492176,False,False,False,static_fusion,91,1.5,9.5,0.5012091836694113
25,s1_clean,2.0026978386863656,9.060785581306895,False,False,False,wifi_only,81,1.5,8.5,0.11154779362727701
25,s1_clean,2.0026978386863656,9.060785581306895,False,False,False,vlp_only,81,1.5,8.5,0.6244234155086525
25,s1_clean,2.0026978386863656,9.060785581306895,False,False,False,static_fusion,81,1.5,8.5,0.36798560456796475
26,s1_clean,2.0409538218277232,8.768038731768266,False,False,False,wifi_only,98,8.5,9.5,0.3135550383127676
26,s1_clean,2.0409538218277232,8.768038731768266,False,False,False,vlp_only,81,1.5,8.5,0.9999985841382486
26,s1_clean,2.0409538218277232,8.768038731768266,False,False,False,static_fusion,81,1.5,8.5,0.5050093202771416
27,s1_clean,1.943647595119588,8.39052055732134,False,False,False,wifi_only,70,0.5,7.5,0.1733519230157719
27,s1_clean,1.943647595119588,8.39052055732134,False,False,False,vlp_only,81,1.5,8.5,0.9999982211894893
27,s1_clean,1.943647595119588,8.39052055732134,False,False,False,static_fusion,81,1.5,8.5,0.5473196982316715
28,s1_clean,1.822933837050688,7.938503894157455,False,False,False,wifi_only,87,7.5,8.5,0.13633523181523116
28,s1_clean,1.822933837050688,7.938503894157455,False,False,False,vlp_only,81,1.5,8.5,0.6186803667646452
28,s1_clean,1.822933837050688,7.938503894157455,False,False,False,static_fusion,81,1.5,8.5,0.32055275922819193
29,s1_clean,1.5143958915018594,7.638191012939957,False,False,False,wifi_only,91,1.5,9.5,0.13289671795379696
29,s1_clean,1.5143958915018594,7.638191012939957,False,False,False,vlp_only,71,1.5,7.5,0.9999920857916061
29,s1_clean,1.5143958915018594,7.638191012939957,False,False,False,static_fusion,71,1.5,7.5,0.5218646769474597
30,s1_clean,1.3675026549702816,7.582213936330399,False,False,False,wifi_only,91,1.5,9.5,0.1462950151119576
30,s1_clean,1.3675026549702816,7.582213936330399,False,False,False,vlp_only,71,1.5,7.5,0.9999999730482763
30,s1_clean,1.3675026549702816,7.582213936330399,False,False,False,static_fusion,71,1.5,7.5,0.5321138800824127
31,s1_clean,1.2429294919367564,7.522606951356906,False,False,False,wifi_only,61,1.5,6.5,0.15146419507894443
31,s1_clean,1.2429294919367564,7.522606951356906,False,False,False,vlp_only,71,1.5,7.5,0.9999999984891487
31,s1_clean,1.2429294919367564,7.522606951356906,False,False,False,static_fusion,71,1.5,7.5,0.5447018828122998
32,s1_clean,1.1706414409291317,7.446686809586819,False,False,False,wifi_only,62,2.5,6.5,0.18309574104228493
32,s1_clean,1.1706414409291317,7.446686809586819,False,False,False,vlp_only,71,1.5,7.5,0.9999999994420795
32,s1_clean,1.1706414409291317,7.446686809586819,False,False,False,static_fusion,71,1.5,7.5,0.5597090889688514
33,s1_clean,1.0225794063669398,7.298034493574606,False,False,False,wifi_only,90,0.5,9.5,0.3393362663873165
33,s1_clean,1.0225794063669398,7.298034493574606,False,False,False,vlp_only,70,0.5,7.5,0.9999999999010001
33,s1_clean,1.0225794063669398,7.298034493574606,False,False,False,static_fusion,70,0.5,7.5,0.5436147753494923
34,s1_clean,0.8405580282052503,7.1660136409604815,False,False,False,wifi_only,60,0.5,6.5,0.1970792481085386
34,s1_clean,0.8405580282052503,7.1660136409604815,False,False,False,vlp_only,70,0.5,7.5,0.9999999999010001
34,s1_clean,0.8405580282052503,7.1660136409604815,False,False,False,static_fusion,70,0.5,7.5,0.5691568292982155
35,s1_clean,0.7992402328627707,7.065719351919998,False,False,False,wifi_only,61,1.5,6.5,0.1495872132299635
35,s1_clean,0.7992402328627707,7.065719351919998,False,False,False,vlp_only,70,0.5,7.5,0.9999999998872444
35,s1_clean,0.7992402328627707,7.065719351919998,False,False,False,static_fusion,70,0.5,7.5,0.5328197915143075
36,s1_clean,0.7671095331979448,6.6194549412444434,False,False,False,wifi_only,69,9.5,6.5,0.24279129065519392
36,s1_clean,0.7671095331979448,6.6194549412444434,False,False,False,vlp_only,60,0.5,6.5,0.9999999999010002
36,s1_clean,0.7671095331979448,6.6194549412444434,False,False,False,static_fusion,60,0.5,6.5,0.5138838799103617
37,s1_clean,0.7867269935815102,6.50813786445098,False,False,False,wifi_only,60,0.5,6.5,0.28577912665054317
37,s1_clean,0.7867269935815102,6.50813786445098,False,False,False,vlp_only,60,0.5,6.5,0.9999999999010002
37,s1_clean,0.7867269935815102,6.50813786445098,False,False,False,static_fusion,60,0.5,6.5,0.6428895632757716
38,s1_clean,0.9039958580667962,6.339426406945286,False,False,False,wifi_only,61,1.5,6.5,0.1280577809144175
38,s1_clean,0.9039958580667962,6.339426406945286,False,False,False,vlp_only,60,0.5,6.5,0.9999999999010002
38,s1_clean,0.9039958580667962,6.339426406945286,False,False,False,static_fusion,60,0.5,6.5,0.5378085426470461
39,s1_clean,0.9979740023158236,6.187541249202924,False,False,False,wifi_only,51,1.5,5.5,0.12945190660322597
39,s1_clean,0.9979740023158236,6.187541249202924,False,False,False,vlp_only,60,0.5,6.5,0.9999999999010002
39,s1_clean,0.9979740023158236,6.187541249202924,False,False,False,static_fusion,60,0.5,6.5,0.515813828195983
40,s1_clean,1.28488954092244,5.782257454541684,False,False,False,wifi_only,51,1.5,5.5,0.1641331059776437
40,s1_clean,1.28488954092244,5.782257454541684,False,False,False,vlp_only,51,1.5,5.5,0.9999999999010002
40,s1_clean,1.28488954092244,5.782257454541684,False,False,False,static_fusion,51,1.5,5.5,0.582066552939322
41,s1_clean,1.513102962684955,5.518180410148621,False,False,False,wifi_only,44,4.5,4.5,0.11014797801430665
41,s1_clean,1.513102962684955,5.518180410148621,False,False,False,vlp_only,51,1.5,5.5,0.9999999978960112
41,s1_clean,1.513102962684955,5.518180410148621,False,False,False,static_fusion,51,1.5,5.5,0.5310782220380671
42,s1_clean,1.6106044791645622,5.19830615307079,False,False,False,wifi_only,60,0.5,6.5,0.15301740026818686
42,s1_clean,1.6106044791645622,5.19830615307079,False,False,False,vlp_only,51,1.5,5.5,0.9999999857333564
42,s1_clean,1.6106044791645622,5.19830615307079,False,False,False,static_fusion,51,1.5,5.5,0.5520146121035618
43,s1_clean,1.8972643262832607,4.975906927269721,False,False,False,wifi_only,51,1.5,5.5,0.18742228115776383
43,s1_clean,1.8972643262832607,4.975906927269721,False,False,False,vlp_only,40,0.5,4.5,0.999953318004058
43,s1_clean,1.8972643262832607,4.975906927269721,False,False,False,static_fusion,40,0.5,4.5,0.5480100836786757
44,s1_clean,2.229332660696988,4.76372737768957,False,False,False,wifi_only,42,2.5,4.5,0.1472709780724404
44,s1_clean,2.229332660696988,4.76372737768957,False,False,False,vlp_only,42,2.5,4.5,0.9999726820005974
44,s1_clean,2.229332660696988,4.76372737768957,False,False,False,static_fusion,42,2.5,4.5,0.5736218300365189
45,s1_clean,2.6145006895276834,4.592072450426468,False,False,False,wifi_only,33,3.5,3.5,0.19061683884140643
45,s1_clean,2.6145006895276834,4.592072450426468,False,False,False,vlp_only,42,2.5,4.5,0.9999999999010002
45,s1_clean,2.6145006895276834,4.592072450426468,False,False,False,static_fusion,42,2.5,4.5,0.5749937975174046
46,s1_clean,2.661129424294631,4.466616768697175,False,False,False,wifi_only,50,0.5,5.5,0.17465849845359208
46,s1_clean,2.661129424294631,4.466616768697175,False,False,False,vlp_only,42,2.5,4.5,0.9999999999010002
46,s1_clean,2.661129424294631,4.466616768697175,False,False,False,static_fusion,42,2.5,4.5,0.548801503064915
47,s1_clean,2.6450300380382434,4.183588162907463,False,False,False,wifi_only,33,3.5,3.5,0.16603475754052258
47,s1_clean,2.6450300380382434,4.183588162907463,False,False,False,vlp_only,42,2.5,4.5,0.9999999999010002
47,s1_clean,2.6450300380382434,4.183588162907463,False,False,False,static_fusion,42,2.5,4.5,0.5735743014653849
48,s1_clean,2.633014421787828,3.6860116411580814,False,False,False,wifi_only,42,2.5,4.5,0.18199104905110594
48,s1_clean,2.633014421787828,3.6860116411580814,False,False,False,vlp_only,32,2.5,3.5,0.9999999999010002
48,s1_clean,2.633014421787828,3.6860116411580814,False,False,False,static_fusion,32,2.5,3.5,0.543260747819268
49,s1_clean,2.7923313692644163,3.3743378598159564,False,False,False,wifi_only,50,0.5,5.5,0.20111854296115433
49,s1_clean,2.7923313692644163,3.3743378598159564,False,False,False,vlp_only,32,2.5,3.5,0.9999999999010002
49,s1_clean,2.7923313692644163,3.3743378598159564,False,False,False,static_fusion,32,2.5,3.5,0.5090048918947763
50,s1_clean,2.983612121628606,3.11916257556942,False,False,False,wifi_only,24,4.5,2.5,0.1861857856719476
50,s1_clean,2.983612121628606,3.11916257556942,False,False,False,vlp_only,32,2.5,3.5,0.9999999999010002
50,s1_clean,2.983612121628606,3.11916257556942,False,False,False,static_fusion,32,2.5,3.5,0.521565425722659
51,s1_clean,3.351818132537528,2.843855854625126,False,False,False,wifi_only,23,3.5,2.5,0.22895686566305407
51,s1_clean,3.351818132537528,2.843855854625126,False,False,False,vlp_only,23,3.5,2.5,0.9999999999010003
51,s1_clean,3.351818132537528,2.843855854625126,False,False,False,static_fusion,23,3.5,2.5,0.6144784327820271
52,s1_clean,3.56862361427012,2.697604331930428,False,False,False,wifi_only,34,4.5,3.5,0.17669765858315603
52,s1_clean,3.56862361427012,2.697604331930428,False,False,False,vlp_only,23,3.5,2.5,0.9999999999010003
52,s1_clean,3.56862361427012,2.697604331930428,False,False,False,static_fusion,23,3.5,2.5,0.5353119213197242
53,s1_clean,3.943888445431222,2.4514296926551147,False,False,False,wifi_only,23,3.5,2.5,0.19482664447539058
53,s1_clean,3.943888445431222,2.4514296926551147,False,False,False,vlp_only,3,3.5,0.5,0.9999822893395289
53,s1_clean,3.943888445431222,2.4514296926551147,False,False,False,static_fusion,3,3.5,0.5,0.5392906626571821
54,s1_clean,4.260369316238271,2.2082022988398595,False,False,False,wifi_only,3,3.5,0.5,0.27319217722963074
54,s1_clean,4.260369316238271,2.2082022988398595,False,False,False,vlp_only,24,4.5,2.5,0.9999999809572102
54,s1_clean,4.260369316238271,2.2082022988398595,False,False,False,static_fusion,24,4.5,2.5,0.5141168721605094
55,s1_clean,4.627569160973635,2.060114150367901,False,False,False,wifi_only,15,5.5,1.5,0.2223714511661555
55,s1_clean,4.627569160973635,2.060114150367901,False,False,False,vlp_only,24,4.5,2.5,0.9888313593911932
55,s1_clean,4.627569160973635,2.060114150367901,False,False,False,static_fusion,24,4.5,2.5,0.5097742609290621
56,s1_clean,4.961867043427717,1.830848239374332,False,False,False,wifi_only,14,4.5,1.5,0.22233559530840394
56,s1_clean,4.961867043427717,1.830848239374332,False,False,False,vlp_only,4,4.5,0.5,0.9999999962264509
56,s1_clean,4.961867043427717,1.830848239374332,False,False,False,static_fusion,4,4.5,0.5,0.5712369816713768
57,s1_clean,5.0679788704002044,1.7195475994342533,False,False,False,wifi_only,14,4.5,1.5,0.21192940091597762
57,s1_clean,5.0679788704002044,1.7195475994342533,False,False,False,vlp_only,5,5.5,0.5,0.9999907999817327
57,s1_clean,5.0679788704002044,1.7195475994342533,False,False,False,static_fusion,5,5.5,0.5,0.5437196703906442
58,s1_clean,5.335240810429285,1.571560122687008,False,False,False,wifi_only,6,6.5,0.5,0.26084149799933637
58,s1_clean,5.335240810429285,1.571560122687008,False,False,False,vlp_only,15,5.5,1.5,0.9999999999010003
58,s1_clean,5.335240810429285,1.571560122687008,False,False,False,static_fusion,15,5.5,1.5,0.5142627190451836
59,s1_clean,5.651780389210071,1.3727606103935992,False,False,False,wifi_only,35,5.5,3.5,0.19430978570639101
59,s1_clean,5.651780389210071,1.3727606103935992,False,False,False,vlp_only,15,5.5,1.5,0.9999999995565547
59,s1_clean,5.651780389210071,1.3727606103935992,False,False,False,static_fusion,15,5.5,1.5,0.5274650331703186
60,s1_clean,5.898763386562306,1.2621017401554997,False,False,False,wifi_only,15,5.5,1.5,0.23471346700037404
60,s1_clean,5.898763386562306,1.2621017401554997,False,False,False,vlp_only,6,6.5,0.5,0.9999999998837653
60,s1_clean,5.898763386562306,1.2621017401554997,False,False,False,static_fusion,6,6.5,0.5,0.5203886489753822
61,s1_clean,6.355551046384767,1.4203122314749552,False,False,False,wifi_only,16,6.5,1.5,0.27270372895706724
61,s1_clean,6.355551046384767,1.4203122314749552,False,False,False,vlp_only,16,6.5,1.5,0.9999999996348572
61,s1_clean,6.355551046384767,1.4203122314749552,False,False,False,static_fusion,16,6.5,1.5,0.636351864295962
62,s1_clean,6.594147927702143,1.4206009795225187,False,False,False,wifi_only,39,9.5,3.5,0.31408986328618504
62,s1_clean,6.594147927702143,1.4206009795225187,False,False,False,vlp_only,16,6.5,1.5,0.999999929409438
62,s1_clean,6.594147927702143,1.4206009795225187,False,False,False,static_fusion,16,6.5,1.5,0.5092837148396963
63,s1_clean,6.702875767945526,1.3948214383894544,False,False,False,wifi_only,6,6.5,0.5,0.28926362318025606
63,s1_clean,6.702875767945526,1.3948214383894544,False,False,False,vlp_only,16,6.5,1.5,0.9999999999010003
63,s1_clean,6.702875767945526,1.3948214383894544,False,False,False,static_fusion,16,6.5,1.5,0.6401936455227464
64,s1_clean,6.87517464550481,1.1902703370600811,False,False,False,wifi_only,16,6.5,1.5,0.1552278280484352
64,s1_clean,6.87517464550481,1.1902703370600811,False,False,False,vlp_only,16,6.5,1.5,0.9999151198897929
64,s1_clean,6.87517464550481,1.1902703370600811,False,False,False,static_fusion,16,6.5,1.5,0.5775714739691139
65,s1_clean,6.892272294025562,1.0122251452148698,False,False,False,wifi_only,48,8.5,4.5,0.20052403459974838
65,s1_clean,6.892272294025562,1.0122251452148698,False,False,False,vlp_only,16,6.5,1.5,0.998811761341843
65,s1_clean,6.892272294025562,1.0122251452148698,False,False,False,static_fusion,16,6.5,1.5,0.5004983823800327
66,s1_clean,7.000483248939226,0.9177176630235528,False,False,False,wifi_only,7,7.5,0.5,0.4178262660805905
66,s1_clean,7.000483248939226,0.9177176630235528,False,False,False,vlp_only,16,6.5,1.5,0.9319963983298265
66,s1_clean,7.000483248939226,0.9177176630235528,False,False,False,static_fusion,16,6.5,1.5,0.48087323031447654
67,s1_clean,7.169623623221895,0.7738996044632837,False,False,False,wifi_only,36,6.5,3.5,0.20529356379552027
67,s1_clean,7.169623623221895,0.7738996044632837,False,False,False,vlp_only,7,7.5,0.5,0.9999999999010003
67,s1_clean,7.169623623221895,0.7738996044632837,False,False,False,static_fusion,7,7.5,0.5,0.5000240909655256
68,s1_clean,7.492034971191752,0.4271040557051936,False,False,False,wifi_only,29,9.5,2.5,0.41265971918290123
68,s1_clean,7.492034971191752,0.4271040557051936,False,False,False,vlp_only,7,7.5,0.5,0.9999999999010003
68,s1_clean,7.492034971191752,0.4271040557051936,False,False,False,static_fusion,7,7.5,0.5,0.5981870615164881
69,s1_clean,7.463813289098351,0.1481351742215659,False,False,False,wifi_only,38,8.5,3.5,0.24124272838016783
69,s1_clean,7.463813289098351,0.1481351742215659,False,False,False,vlp_only,9,9.5,0.5,0.9999999999010003
69,s1_clean,7.463813289098351,0.1481351742215659,False,False,False,static_fusion,9,9.5,0.5,0.5000000062875957
70,s1_clean,7.384046542733699,0.3965845375848609,False,False,False,wifi_only,7,7.5,0.5,0.5487424107395472
70,s1_clean,7.384046542733699,0.3965845375848609,False,False,False,vlp_only,7,7.5,0.5,0.9999985538273101
70,s1_clean,7.384046542733699,0.3965845375848609,False,False,False,static_fusion,7,7.5,0.5,0.7743704822834285
71,s1_clean,7.274941349103505,0.5328406187982155,False,False,False,wifi_only,17,7.5,1.5,0.2522303883137394
71,s1_clean,7.274941349103505,0.5328406187982155,False,False,False,vlp_only,7,7.5,0.5,0.9999999999010003
71,s1_clean,7.274941349103505,0.5328406187982155,False,False,False,static_fusion,7,7.5,0.5,0.6233350952327966
72,s1_clean,7.242898641642358,0.6319581293500205,False,False,False,wifi_only,39,9.5,3.5,0.3468244645124829
72,s1_clean,7.242898641642358,0.6319581293500205,False,False,False,vlp_only,7,7.5,0.5,0.9999999999010003
72,s1_clean,7.242898641642358,0.6319581293500205,False,False,False,static_fusion,7,7.5,0.5,0.509976559880521
73,s1_clean,6.897766036852761,0.9865854746261178,False,False,False,wifi_only,17,7.5,1.5,0.2584801674632558
73,s1_clean,6.897766036852761,0.9865854746261178,False,False,False,vlp_only,16,6.5,1.5,0.9995940937286103
73,s1_clean,6.897766036852761,0.9865854746261178,False,False,False,static_fusion,16,6.5,1.5,0.5388069811703263
74,s1_clean,6.819062780162876,1.076859414311629,False,False,False,wifi_only,7,7.5,0.5,0.19735411583433227
74,s1_clean,6.819062780162876,1.076859414311629,False,False,False,vlp_only,16,6.5,1.5,0.9999999944100207
74,s1_clean,6.819062780162876,1.076859414311629,False,False,False,static_fusion,16,6.5,1.5,0.5189663863361871
75,s1_clean,6.720234602821568,1.267398302606882,False,False,False,wifi_only,6,6.5,0.5,0.34740593601721326
75,s1_clean,6.720234602821568,1.267398302606882,False,False,False,vlp_only,16,6.5,1.5,0.9999999999010003
75,s1_clean,6.720234602821568,1.267398302606882,False,False,False,static_fusion,16,6.5,1.5,0.5963630606908865
76,s1_clean,6.503783427177126,1.570279682105651,False,False,False,wifi_only,6,6.5,0.5,0.2590363170663586
76,s1_clean,6.503783427177126,1.570279682105651,False,False,False,vlp_only,16,6.5,1.5,0.9999999861825475
76,s1_clean,6.503783427177126,1.570279682105651,False,False,False,static_fusion,16,6.5,1.5,0.6263993506805529
77,s1_clean,6.358465325036558,1.791120746986019,False,False,False,wifi_only,47,7.5,4.5,0.15080266636279027
77,s1_clean,6.358465325036558,1.791120746986019,False,False,False,vlp_only,16,6.5,1.5,0.9999999898746361
77,s1_clean,6.358465325036558,1.791120746986019,False,False,False,static_fusion,16,6.5,1.5,0.5053295870635266
78,s1_clean,6.122791880845917,1.8813582130943367,False,False,False,wifi_only,26,6.5,2.5,0.23847898926639513
78,s1_clean,6.122791880845917,1.8813582130943367,False,False,False,vlp_only,6,6.5,0.5,0.9999999999010003
78,s1_clean,6.122791880845917,1.8813582130943367,False,False,False,static_fusion,6,6.5,0.5,0.5140902929252362
79,s1_clean,5.750230255978351,2.1326072148263107,False,False,False,wifi_only,25,5.5,2.5,0.21777692136579557
79,s1_clean,5.750230255978351,2.1326072148263107,False,False,False,vlp_only,25,5.5,2.5,0.9975107587489678
79,s1_clean,5.750230255978351,2.1326072148263107,False,False,False,static_fusion,25,5.5,2.5,0.6076438400573816
80,s1_clean,5.514678873922644,2.389062926514496,False,False,False,wifi_only,5,5.5,0.5,0.3456233387491525
80,s1_clean,5.514678873922644,2.389062926514496,False,False,False,vlp_only,25,5.5,2.5,0.9999999982957198
80,s1_clean,5.514678873922644,2.389062926514496,False,False,False,static_fusion,25,5.5,2.5,0.5406047397731912
81,s1_clean,5.508112152914603,2.4998600146256016,False,False,False,wifi_only,5,5.5,0.5,0.2713726424564051
81,s1_clean,5.508112152914603,2.4998600146256016,False,False,False,vlp_only,25,5.5,2.5,0.9999999974134842
81,s1_clean,5.508112152914603,2.4998600146256016,False,False,False,static_fusion,25,5.5,2.5,0.532383308186543
82,s1_clean,5.600226935990087,2.6582213422588112,False,False,False,wifi_only,25,5.5,2.5,0.17563068598594458
82,s1_clean,5.600226935990087,2.6582213422588112,False,False,False,vlp_only,25,5.5,2.5,0.9999999993843223
82,s1_clean,5.600226935990087,2.6582213422588112,False,False,False,static_fusion,25,5.5,2.5,0.5878153426851334
83,s1_clean,5.738537290833164,2.759195471518816,False,False,False,wifi_only,6,6.5,0.5,0.16081797466087294
83,s1_clean,5.738537290833164,2.759195471518816,False,False,False,vlp_only,25,5.5,2.5,0.9999999999010002
83,s1_clean,5.738537290833164,2.759195471518816,False,False,False,static_fusion,25,5.5,2.5,0.5143643811906983
84,s1_clean,5.832850971363683,3.0310878411880533,False,False,False,wifi_only,25,5.5,2.5,0.19283627408530704
84,s1_clean,5.832850971363683,3.0310878411880533,False,False,False,vlp_only,25,5.5,2.5,0.9999999999010002
84,s1_clean,5.832850971363683,3.0310878411880533,False,False,False,static_fusion,25,5.5,2.5,0.5964181369931536
85,s1_clean,5.898467311753344,3.228508652056043,False,False,False,wifi_only,25,5.5,2.5,0.2089641876676741
85,s1_clean,5.898467311753344,3.228508652056043,False,False,False,vlp_only,25,5.5,2.5,0.9999999999010002
85,s1_clean,5.898467311753344,3.228508652056043,False,False,False,static_fusion,25,5.5,2.5,0.6044820937843371
86,s1_clean,5.888626732888142,3.400271085109193,False,False,False,wifi_only,36,6.5,3.5,0.13257093147293963
86,s1_clean,5.888626732888142,3.400271085109193,False,False,False,vlp_only,35,5.5,3.5,0.9999994447591225
86,s1_clean,5.888626732888142,3.400271085109193,False,False,False,static_fusion,35,5.5,3.5,0.5294432031926145
87,s1_clean,5.651159957112673,3.739006548657096,False,False,False,wifi_only,24,4.5,2.5,0.1406920055271583
87,s1_clean,5.651159957112673,3.739006548657096,False,False,False,vlp_only,35,5.5,3.5,0.9999999999010002
87,s1_clean,5.651159957112673,3.739006548657096,False,False,False,static_fusion,35,5.5,3.5,0.5215605155574138
88,s1_clean,5.511321113022474,3.8790676275290847,False,False,False,wifi_only,45,5.5,4.5,0.15384371374954625
88,s1_clean,5.511321113022474,3.8790676275290847,False,False,False,vlp_only,35,5.5,3.5,0.9999999999010002
88,s1_clean,5.511321113022474,3.8790676275290847,False,False,False,static_fusion,35,5.5,3.5,0.5508935952073942
89,s1_clean,5.43643528909089,3.953273740011248,False,False,False,wifi_only,35,5.5,3.5,0.1440272655835557
89,s1_clean,5.43643528909089,3.953273740011248,False,False,False,vlp_only,35,5.5,3.5,0.8790968920006892
89,s1_clean,5.43643528909089,3.953273740011248,False,False,False,static_fusion,35,5.5,3.5,0.5115620787921223
90,s1_clean,5.230257776887017,3.9835295593536193,False,False,False,wifi_only,45,5.5,4.5,0.15619306701083524
90,s1_clean,5.230257776887017,3.9835295593536193,False,False,False,vlp_only,45,5.5,4.5,0.9999999999010002
90,s1_clean,5.230257776887017,3.9835295593536193,False,False,False,static_fusion,45,5.5,4.5,0.5780965334559177
91,s1_clean,4.9776092930395945,4.056000817377593,False,False,False,wifi_only,34,4.5,3.5,0.14019939026534933
91,s1_clean,4.9776092930395945,4.056000817377593,False,False,False,vlp_only,44,4.5,4.5,0.9999999999010002
91,s1_clean,4.9776092930395945,4.056000817377593,False,False,False,static_fusion,44,4.5,4.5,0.5256907833956359
92,s1_clean,4.723335213676367,4.234008104614395,False,False,False,wifi_only,43,3.5,4.5,0.17275621918854595
92,s1_clean,4.723335213676367,4.234008104614395,False,False,False,vlp_only,44,4.5,4.5,0.9999999999010002
92,s1_clean,4.723335213676367,4.234008104614395,False,False,False,static_fusion,44,4.5,4.5,0.5381558590494574
93,s1_clean,4.5603601875449,4.42721654605225,False,False,False,wifi_only,45,5.5,4.5,0.1653718554888381
93,s1_clean,4.5603601875449,4.42721654605225,False,False,False,vlp_only,44,4.5,4.5,0.9999999999010002
93,s1_clean,4.5603601875449,4.42721654605225,False,False,False,static_fusion,44,4.5,4.5,0.5352702093320878
94,s1_clean,4.376758804931988,4.783397516554166,False,False,False,wifi_only,43,3.5,4.5,0.15094364142801875
94,s1_clean,4.376758804931988,4.783397516554166,False,False,False,vlp_only,44,4.5,4.5,0.9999999999010002
94,s1_clean,4.376758804931988,4.783397516554166,False,False,False,static_fusion,44,4.5,4.5,0.532062084951565
95,s1_clean,4.278110895822162,4.873116927745965,False,False,False,wifi_only,63,3.5,6.5,0.10528264585941757
95,s1_clean,4.278110895822162,4.873116927745965,False,False,False,vlp_only,44,4.5,4.5,0.9999999999010002
95,s1_clean,4.278110895822162,4.873116927745965,False,False,False,static_fusion,44,4.5,4.5,0.505032281445462
96,s1_clean,4.12801724847605,5.124228511615788,False,False,False,wifi_only,54,4.5,5.5,0.17398897195050228
96,s1_clean,4.12801724847605,5.124228511615788,False,False,False,vlp_only,54,4.5,5.5,0.9999999999010002
96,s1_clean,4.12801724847605,5.124228511615788,False,False,False,static_fusion,54,4.5,5.5,0.5869944859257512
97,s1_clean,3.704635602450641,5.262849100858526,False,False,False,wifi_only,52,2.5,5.5,0.1599509782027119
97,s1_clean,3.704635602450641,5.262849100858526,False,False,False,vlp_only,53,3.5,5.5,0.9999999999010002
97,s1_clean,3.704635602450641,5.262849100858526,False,False,False,static_fusion,53,3.5,5.5,0.5526526703043678
98,s1_clean,3.5561357581555817,5.285474381301673,False,False,False,wifi_only,44,4.5,4.5,0.1648844839216568
98,s1_clean,3.5561357581555817,5.285474381301673,False,False,False,vlp_only,53,3.5,5.5,0.9999999999010002
98,s1_clean,3.5561357581555817,5.285474381301673,False,False,False,static_fusion,53,3.5,5.5,0.5391174661061664
99,s1_clean,3.128664509288299,5.522908615866154,False,False,False,wifi_only,46,6.5,4.5,0.1616173367682319
99,s1_clean,3.128664509288299,5.522908615866154,False,False,False,vlp_only,53,3.5,5.5,0.9999999999010002
99,s1_clean,3.128664509288299,5.522908615866154,False,False,False,static_fusion,53,3.5,5.5,0.5009978429706576
