scenario,method_family,method_label,n_seeds,mean_error_m_mean,mean_error_m_std,mean_error_m_ci95_low,mean_error_m_ci95_high,median_error_m_mean,median_error_m_std,p90_error_m_mean,p90_error_m_std,p90_error_m_ci95_low,p90_error_m_ci95_high,failure_rate_mean,failure_rate_std,trajectory_smoothness_m_per_step_mean,trajectory_smoothness_m_per_step_std,zone_accuracy_mean,zone_accuracy_std
s1_clean,adaptive,adaptive_fusion,10,0.4675982237532868,0.0312065688435372,0.4452743892194135,0.4899220582871602,0.4101127967591525,0.0334652457220004,0.7998015630722495,0.1329946541053201,0.7046629188008289,0.8949402073436701,0.003,0.0067494855771055,0.4576215625643479,0.0507596358177727,0.94,0.0305505046330389
s1_clean,baseline,static_fusion,10,0.4671324994587579,0.031862957991984,0.444339112414539,0.4899258865029769,0.4095100373580623,0.0338049941073657,0.7992246760724198,0.1332964984616059,0.7038701053562019,0.8945792467886376,0.003,0.0067494855771055,0.4556013605441458,0.0496196832743899,0.94,0.0305505046330389
s1_clean,baseline,vlp_only,10,0.4675982237532868,0.0312065688435372,0.4452743892194135,0.4899220582871602,0.4101127967591525,0.0334652457220004,0.7998015630722495,0.1329946541053201,0.7046629188008289,0.8949402073436701,0.003,0.0067494855771055,0.4576215625643479,0.0507596358177727,0.94,0.0305505046330389
s1_clean,baseline,wifi_only,10,1.4029833400239853,0.1384337622723535,1.303953792162956,1.5020128878850143,1.042445784045859,0.0773709437079538,2.631483266718478,0.3997358549521336,2.3455294623143814,2.917437071122575,0.184,0.0380642731296538,1.9977910914904395,0.2698420980888389,0.481,0.0324722103412201
s1_clean,dsp_static,static_fusion_median,10,0.6902602138670144,0.0311749222375297,0.6679590179512991,0.7125614097827297,0.6582165336304736,0.0444348573499755,1.1486512207673552,0.0673897435870223,1.1004435023007864,1.196858939233924,0.002,0.0063245553203367,0.3801252500878445,0.0515183925449833,0.813,0.0356058671819375
s1_clean,gsp_expected,graph_diffusion_3,10,0.7160661620650078,0.0903598948460547,0.6514265872640995,0.7807057368659162,0.6116412504534318,0.0674426554054035,1.3019937983301555,0.2068809101855124,1.1540001105154525,1.449987486144859,0.027,0.0205750658160146,0.8212298318919213,0.0866647308904864,0.799,0.0772370089759796
s2_wifi_degraded,adaptive,adaptive_fusion,10,0.470734438310943,0.0356889193141741,0.4452041234129187,0.4962647532089673,0.4101599063933106,0.0337239921760821,0.8274763953544124,0.20891251047521,0.6780293882423021,0.9769234024665228,0.004,0.0051639777949432,0.4778141936602212,0.0640544578167102,0.936,0.0442718872423573
s2_wifi_degraded,baseline,static_fusion,10,0.4799600270235388,0.0374710114353903,0.4531548802195266,0.506765173827551,0.4092035241621509,0.0326596101907553,0.828427717182651,0.2084684845051273,0.6792983471146696,0.9775570872506324,0.006,0.006992058987801,0.4928417083604881,0.0801320050318372,0.933,0.0439823196801219
s2_wifi_degraded,baseline,vlp_only,10,0.4705370360889624,0.0357036442828399,0.4449961875829127,0.496077884595012,0.4096473769915595,0.0333171148692276,0.8274763953544124,0.20891251047521,0.6780293882423021,0.9769234024665228,0.004,0.0051639777949432,0.4778141936602212,0.0640544578167102,0.936,0.0442718872423573
s2_wifi_degraded,baseline,wifi_only,10,2.185410353088048,0.3476980765210868,1.936682132855972,2.434138573320124,1.5762188373720498,0.2018985338429355,4.786784230046121,1.0829120795364005,4.012115595390703,5.561452864701539,0.395,0.0552268050859363,2.9935661672663416,0.4962915987943555,0.311,0.0572421755934089
s2_wifi_degraded,dsp_static,static_fusion_median,10,0.6905047845230461,0.0358175904489944,0.664882423840129,0.7161271452059632,0.6688182274203085,0.0503431342807945,1.1526012224968452,0.0718991117266761,1.101167696390011,1.204034748603679,0.001,0.0031622776601683,0.3847507184999731,0.0478892434982905,0.8150000000000001,0.038944404818493
s2_wifi_degraded,gsp_expected,graph_diffusion_3,10,1.0713854752000462,0.147530821972245,0.965848282858672,1.1769226675414204,0.8306748833176595,0.0883375181397557,2.142624443714783,0.4341211170711744,1.8320729045902189,2.4531759828393467,0.121,0.0602679203409427,1.3350922089867332,0.15803011249742,0.5930000000000001,0.0531350480693612
s3_vlp_blocked,adaptive,adaptive_fusion,10,0.8057881411934629,0.0949127742615216,0.7378916326606486,0.8736846497262771,0.5276222112303012,0.0476269620270858,1.7047508866368932,0.4747654589162121,1.365124136884849,2.044377636388937,0.083,0.0383115880351856,0.6790433601686631,0.0661288641763004,0.765,0.0579750904364202
s3_vlp_blocked,baseline,static_fusion,10,1.0778618606040102,0.1164293809263768,0.9945732989004372,1.161150422307583,0.5493925236887949,0.0898830835893021,2.9088377165306243,0.4322965866226701,2.599591367862552,3.218084065198697,0.184,0.045018514709691,1.3290309379473784,0.1672351557629044,0.7040000000000001,0.0671978835645554
s3_vlp_blocked,baseline,vlp_only,10,1.0792123228787265,0.1159338260350722,0.996278259788936,1.162146385968517,0.5501427713814196,0.0895257992541348,2.9199353024183,0.4288637652619462,2.6131446462175845,3.226725958619016,0.185,0.0445346307196246,1.3303540271340766,0.165977252846315,0.7040000000000001,0.0671978835645554
s3_vlp_blocked,baseline,wifi_only,10,1.357438801077118,0.1500835895433217,1.250075468824436,1.4648021333297998,1.0909892096204732,0.0698056688957036,2.6863242175774986,0.4078944777006736,2.3945340860470243,2.978114349107973,0.187,0.0427005074130663,1.903374192542077,0.262865928328202,0.461,0.0303498123735734
s3_vlp_blocked,dsp_static,static_fusion_median,10,0.9719821061373624,0.0961834051882148,0.9031766429961982,1.0407875692785264,0.7436846201616863,0.090812622251552,1.8417588936155649,0.4195407491708395,1.541637521360098,2.141880265871031,0.093,0.0343349514181815,0.6191711671029172,0.0620426680348594,0.6769999999999999,0.0671730766172148
s3_vlp_blocked,gsp_expected,graph_diffusion_3,10,0.9265912712053606,0.0760143839904805,0.8722138566646644,0.9809686857460568,0.7448031066299476,0.0766439008635514,1.8653584019292164,0.1467747834761425,1.760362046947209,1.970354756911224,0.0839999999999999,0.0195505043981535,1.1033695984299825,0.0864212894308007,0.6579999999999999,0.0569209978830308
s4_mixed_dynamic,adaptive,adaptive_fusion,10,0.6443970627885327,0.0703578472008733,0.5940660909041592,0.6947280346729062,0.4610507090363292,0.0311528012661076,1.2536057357571282,0.255868133233394,1.0705686996307977,1.436642771883459,0.0399999999999999,0.0249443825784929,0.570834920940434,0.0747009425945901,0.853,0.0466785699104941
s4_mixed_dynamic,baseline,static_fusion,10,0.8105189108275315,0.1040738722318499,0.736068947595369,0.8849688740596939,0.4660966013683078,0.0313537198470984,1.956960259731344,0.6664188537076038,1.4802329304625554,2.433687589000132,0.103,0.0290784379834191,0.9799996799759771,0.16025014977117,0.818,0.0537070241629942
s4_mixed_dynamic,baseline,vlp_only,10,0.8105189108275315,0.1040738722318499,0.736068947595369,0.8849688740596939,0.4660966013683078,0.0313537198470984,1.956960259731344,0.6664188537076038,1.4802329304625554,2.433687589000132,0.103,0.0290784379834191,0.9799996799759771,0.16025014977117,0.818,0.0537070241629942
s4_mixed_dynamic,baseline,wifi_only,10,2.033739414856654,0.2500422696440267,1.8548699504822204,2.212608879231088,1.4712375874022354,0.211182038502088,4.419176228364615,0.7604471056493634,3.875185139712939,4.96316731701629,0.352,0.0714609450445952,2.8304236764068413,0.4246343861750448,0.346,0.059292120518291
s4_mixed_dynamic,dsp_static,static_fusion_median,10,0.8288271253213322,0.052762814666448,0.7910828814712383,0.8665713691714261,0.7060298590670495,0.0567304686607249,1.3647852165145031,0.1578604243977237,1.2518586717421314,1.4777117612868749,0.043,0.0240601099101581,0.502390613316544,0.0770019398079236,0.748,0.0498442017133833
s4_mixed_dynamic,gsp_expected,graph_diffusion_3,10,1.113215225142536,0.0780995145023067,1.057346198090355,1.1690842521947171,0.8825557909496604,0.0629634046826931,2.234271852156577,0.2654336243187628,2.044392075923327,2.424151628389827,0.132,0.0413118223595457,1.3610112934274476,0.1157540916559091,0.5670000000000001,0.0434741302385683
s1_clean,kalman_tracking,kalman_static_fusion,10,0.37582191041357293,0.030590916055401752,0.3539384873533724,0.39770533347377346,0.33245698863407896,0.029817538665997356,0.6760733215445165,0.09008354176275181,0.6116314378302352,0.7405152052587978,0.0,0.0,0.34836345815485603,0.02826620899376037,0.9730000000000001,0.015670212364724226
s1_clean,kalman_tracking,kalman_static_fusion_median,10,0.7163816777823571,0.04660143480094806,0.6830450195693571,0.749718335995357,0.7164388341143156,0.05057192105960747,1.1128437919284726,0.07719746474853295,1.0576200523971826,1.1680675314597626,0.0,0.0,0.3244204989101583,0.03243114767853882,0.8400000000000001,0.03800584750330459
s1_clean,kalman_tracking,kalman_vlp_only,10,0.37503958587665087,0.03096243980226313,0.35289039073840095,0.3971887810149008,0.3313329011599834,0.029654701659650493,0.6743400539087222,0.09232677214335336,0.6082934598499944,0.74038664796745,0.0,0.0,0.3484319225804531,0.028379037726704553,0.9730000000000001,0.015670212364724226
s1_clean,kalman_tracking,kalman_wifi_only,10,1.0056454676538347,0.1281218907148629,0.9139925883249387,1.0972983469827307,0.7928822121642172,0.0751081228208024,1.9940720722654994,0.43499583847572126,1.6828947951433926,2.3052493493876063,0.099,0.0404007700696685,0.8118136835745663,0.10015781250110284,0.6360000000000001,0.07974960814950754
s2_wifi_degraded,kalman_tracking,kalman_static_fusion,10,0.3812991626128711,0.046665698722663185,0.3479165327596676,0.4146817924660746,0.332334726743574,0.03015879160729998,0.6920407832772305,0.14764323815772165,0.5864231732412328,0.7976583933132282,0.002,0.006324555320336759,0.3602695597694147,0.03358369780093593,0.9690000000000001,0.032128215360057305
s2_wifi_degraded,kalman_tracking,kalman_static_fusion_median,10,0.7172326095627277,0.05331776631707099,0.679091377216881,0.7553738419085745,0.7131105139042596,0.05569662229068996,1.0879444950050057,0.09086417734260385,1.0229441782376307,1.1529448117723806,0.001,0.00316227766016838,0.3269496358584109,0.033252997375011986,0.8379999999999999,0.06250333324444919
s2_wifi_degraded,kalman_tracking,kalman_vlp_only,10,0.3681918647573978,0.03343864618141111,0.34427129828521574,0.39211243122957984,0.32910799661532975,0.028470380233780325,0.6594706642743772,0.09967590827743746,0.5881668149292137,0.7307745136195406,0.0,0.0,0.3545383136477297,0.03163262677904341,0.977,0.022135943621178645
s2_wifi_degraded,kalman_tracking,kalman_wifi_only,10,1.577876118045897,0.31508852134086357,1.352475368312625,1.8032768677791688,1.2763258292939865,0.2637251722700446,3.1850227275086698,0.6845233155581011,2.6953442464262456,3.674701208591094,0.26999999999999996,0.1050925518028963,1.175180328185597,0.19405575225320187,0.414,0.07791733511299723
s3_vlp_blocked,kalman_tracking,kalman_static_fusion,10,0.8137876736427812,0.07185449631673013,0.7623860634775645,0.8651892838079978,0.5377160768161804,0.09252382522938823,1.8494880422708277,0.1984870294094254,1.707498975037193,1.9914771095044626,0.089,0.024244128727957576,0.6526890743106067,0.06576618429578039,0.7240000000000001,0.057580861017837826
s3_vlp_blocked,kalman_tracking,kalman_static_fusion_median,10,0.9418393554810237,0.09967477109044288,0.8705363196304302,1.013142391331617,0.8062070976688289,0.06565171793270783,1.6219387979117816,0.290888081607224,1.4138499998694956,1.8300275959540677,0.06599999999999999,0.03169297153067924,0.45915942826392087,0.04177697913843774,0.667,0.08367264254887084
s3_vlp_blocked,kalman_tracking,kalman_vlp_only,10,0.8151979671610501,0.07212048390366611,0.7636060809386164,0.8667898533834838,0.5377160757319828,0.09252382442848361,1.863518637760841,0.19836042195255707,1.7216201400458244,2.0054171354758576,0.091,0.02601281735350223,0.6527998217238451,0.0658045764833703,0.7250000000000001,0.05816642788871716
s3_vlp_blocked,kalman_tracking,kalman_wifi_only,10,0.9608836838442405,0.13453886957581618,0.8646403743716938,1.057126993316787,0.8156040949286325,0.0969093177265483,1.7917730832814744,0.3527680881527656,1.5394179952153253,2.0441281713476234,0.074,0.045264653858047885,0.77043081860173,0.09999247764686467,0.641,0.07187179944564874
s4_mixed_dynamic,kalman_tracking,kalman_static_fusion,10,0.6512699156350564,0.08578790382615681,0.5899009461842679,0.7126388850858449,0.4227742973023224,0.03658901758741695,1.5280543600704295,0.292980094702653,1.3184690260129472,1.7376396941279117,0.05700000000000001,0.025841396591085742,0.5348007742486983,0.03946179897272184,0.817,0.04164666186436127
s4_mixed_dynamic,kalman_tracking,kalman_static_fusion_median,10,0.8422466600694272,0.06162526346687114,0.7981626022661392,0.8863307178727151,0.7557955156914681,0.058146795306588145,1.3685045686135584,0.1639248029843042,1.2512398287388558,1.485769308488261,0.039,0.01728840330651992,0.39330194876393054,0.0335524564006756,0.736,0.0651835016617617
s4_mixed_dynamic,kalman_tracking,kalman_vlp_only,10,0.6512699156350564,0.08578790382615681,0.5899009461842679,0.7126388850858449,0.4227742973023224,0.03658901758741695,1.5280543600704295,0.292980094702653,1.3184690260129472,1.7376396941279117,0.05700000000000001,0.025841396591085742,0.5348007742486983,0.03946179897272184,0.817,0.04164666186436127
s4_mixed_dynamic,kalman_tracking,kalman_wifi_only,10,1.428670583149437,0.20034809922519894,1.285350186770595,1.5719909795282792,1.1179197838257278,0.1840754936820966,2.9844118004966953,0.5814193182838698,2.568489475897573,3.4003341250958177,0.22399999999999998,0.061499774163993666,1.0987635945675909,0.1393926672885129,0.454,0.07662317607037122
