seed,scenario,method_label,method_family,source_method,mean_error_m,median_error_m,p90_error_m,zone_accuracy,failure_rate,trajectory_smoothness_m_per_step,recovery_time_steps,max_error_m,mean_velocity_error_m_per_step,notes
101,s1_clean,kalman_wifi_only,kalman_tracking,wifi_only,0.7469598927427796,0.6885699030535009,1.2393990169665878,0.78,0.03,0.642659607087349,0.0,2.0963505138233205,0.621059093661322,fixed Q/R; held-out seeds not used for tuning
101,s1_clean,kalman_vlp_only,kalman_tracking,vlp_only,0.35019695306856014,0.3171914604033089,0.6584936511723137,0.98,0.0,0.36905153074671754,0.0,1.3756463893957358,0.27886399065425715,fixed Q/R; held-out seeds not used for tuning
101,s1_clean,kalman_static_fusion,kalman_tracking,static_fusion,0.35019695306856014,0.3171914604033089,0.6584936511723137,0.98,0.0,0.36905153074671754,0.0,1.3756463893957358,0.27886399065425715,fixed Q/R; held-out seeds not used for tuning
101,s1_clean,kalman_static_fusion_median,kalman_tracking,static_fusion,0.6783056574972933,0.6907565571462073,1.0565162419692973,0.87,0.0,0.34307655876326126,0.0,1.4851217731154123,0.3147264142424103,fixed Q/R; held-out seeds not used for tuning
101,s2_wifi_degraded,kalman_wifi_only,kalman_tracking,wifi_only,1.301144946605292,1.080808554855658,2.651040317780554,0.48,0.2,1.0529919733198363,0.0,4.89859704964764,1.0146246959737752,fixed Q/R; held-out seeds not used for tuning
101,s2_wifi_degraded,kalman_vlp_only,kalman_tracking,vlp_only,0.34264042512677323,0.3255496905858262,0.581351706554017,0.99,0.0,0.3674185384963293,0.0,1.023088597255003,0.29398112234266593,fixed Q/R; held-out seeds not used for tuning
101,s2_wifi_degraded,kalman_static_fusion,kalman_tracking,static_fusion,0.34379281532530004,0.3255496905858262,0.581351706554017,0.99,0.0,0.3707109576577643,0.0,1.023088597255003,0.29447888934742117,fixed Q/R; held-out seeds not used for tuning
101,s2_wifi_degraded,kalman_static_fusion_median,kalman_tracking,static_fusion,0.7080266626202867,0.7335147161786915,1.0534975395451505,0.87,0.0,0.34388583465093353,0.0,1.4851217731154123,0.3252189671101373,fixed Q/R; held-out seeds not used for tuning
101,s3_vlp_blocked,kalman_wifi_only,kalman_tracking,wifi_only,0.7702187419074608,0.7218104059090231,1.2868396888731284,0.74,0.02,0.664825900606279,0.0,2.4671860652583475,0.6445932959203791,fixed Q/R; held-out seeds not used for tuning
101,s3_vlp_blocked,kalman_vlp_only,kalman_tracking,vlp_only,0.7971649719352913,0.5298140870143053,1.7585537114504417,0.75,0.09,0.6845917684172068,0.3333333333333333,2.9760298741602242,0.6403487637315256,fixed Q/R; held-out seeds not used for tuning
101,s3_vlp_blocked,kalman_static_fusion,kalman_tracking,static_fusion,0.7971649719352913,0.5298140870143053,1.7585537114504417,0.75,0.09,0.6845917684172068,0.3333333333333333,2.9760298741602242,0.6403487637315256,fixed Q/R; held-out seeds not used for tuning
101,s3_vlp_blocked,kalman_static_fusion_median,kalman_tracking,static_fusion,0.8759940321592617,0.8201062808949745,1.299657661541227,0.7,0.05,0.46118711209064295,0.0,2.613505718343841,0.4447787160751371,fixed Q/R; held-out seeds not used for tuning
101,s4_mixed_dynamic,kalman_wifi_only,kalman_tracking,wifi_only,1.1963695244292398,0.9718705635093067,2.2092893472098982,0.5,0.15,1.0100623200282348,0.0,4.8828222834145745,1.0189586560791146,fixed Q/R; held-out seeds not used for tuning
101,s4_mixed_dynamic,kalman_vlp_only,kalman_tracking,vlp_only,0.5298275777016319,0.38419764722955974,1.040818041233073,0.87,0.01,0.4733175579363951,0.0,2.3207531360099183,0.3945103376300373,fixed Q/R; held-out seeds not used for tuning
101,s4_mixed_dynamic,kalman_static_fusion,kalman_tracking,static_fusion,0.5298275777016319,0.38419764722955974,1.040818041233073,0.87,0.01,0.4733175579363951,0.0,2.3207531360099183,0.3945103376300373,fixed Q/R; held-out seeds not used for tuning
101,s4_mixed_dynamic,kalman_static_fusion_median,kalman_tracking,static_fusion,0.7727460130082284,0.7539956077483377,1.1758413445190772,0.79,0.02,0.39751752188668565,0.0,2.3383314945873934,0.3508984015770024,fixed Q/R; held-out seeds not used for tuning
102,s1_clean,kalman_wifi_only,kalman_tracking,wifi_only,0.8692404326050872,0.684930822312806,1.6965643824704038,0.75,0.07,0.7690324676017065,0.0,3.597414700091737,0.7167757054210562,fixed Q/R; held-out seeds not used for tuning
102,s1_clean,kalman_vlp_only,kalman_tracking,vlp_only,0.3202523295750168,0.28940015952833265,0.5608853518039671,0.98,0.0,0.35649681308867176,0.0,1.1445464046987153,0.25138021431808905,fixed Q/R; held-out seeds not used for tuning
102,s1_clean,kalman_static_fusion,kalman_tracking,static_fusion,0.3202523295750168,0.28940015952833265,0.5608853518039671,0.98,0.0,0.35649681308867176,0.0,1.1445464046987153,0.25138021431808905,fixed Q/R; held-out seeds not used for tuning
102,s1_clean,kalman_static_fusion_median,kalman_tracking,static_fusion,0.6795808839765033,0.6324983686459458,1.0500882064062251,0.86,0.0,0.3421997650364886,0.0,1.7241109087962494,0.31428559902817776,fixed Q/R; held-out seeds not used for tuning
102,s2_wifi_degraded,kalman_wifi_only,kalman_tracking,wifi_only,1.6713433279828558,1.416001385936982,3.5635412792016266,0.36,0.27,1.2714975583599273,1.0,6.075696103248792,1.2629874877865517,fixed Q/R; held-out seeds not used for tuning
102,s2_wifi_degraded,kalman_vlp_only,kalman_tracking,vlp_only,0.33894055444843546,0.31685412653895684,0.564983924254203,0.98,0.0,0.3564693161477491,0.0,1.1394728884551144,0.2513127389051637,fixed Q/R; held-out seeds not used for tuning
102,s2_wifi_degraded,kalman_static_fusion,kalman_tracking,static_fusion,0.33894055444843546,0.31685412653895684,0.564983924254203,0.98,0.0,0.3564693161477491,0.0,1.1394728884551144,0.2513127389051637,fixed Q/R; held-out seeds not used for tuning
102,s2_wifi_degraded,kalman_static_fusion_median,kalman_tracking,static_fusion,0.7152749153787091,0.6674478327166562,1.0959279826279102,0.81,0.0,0.34685163573779815,0.0,1.7227391161793681,0.3161195266754189,fixed Q/R; held-out seeds not used for tuning
102,s3_vlp_blocked,kalman_wifi_only,kalman_tracking,wifi_only,0.9707111317725996,0.801707300359678,1.9846814281001375,0.63,0.1,0.8523913773493081,0.0,3.014054827147134,0.8074402807172891,fixed Q/R; held-out seeds not used for tuning
102,s3_vlp_blocked,kalman_vlp_only,kalman_tracking,vlp_only,0.7917099890221434,0.4736576153208639,1.8616312205823777,0.75,0.1,0.65312773303624,0.0,4.0404476493187085,0.5710845417772817,fixed Q/R; held-out seeds not used for tuning
102,s3_vlp_blocked,kalman_static_fusion,kalman_tracking,static_fusion,0.7838069532224838,0.4736576138839732,1.7400999816908975,0.75,0.09,0.6503638276536422,0.0,4.040447649484076,0.5667595349477,fixed Q/R; held-out seeds not used for tuning
102,s3_vlp_blocked,kalman_static_fusion_median,kalman_tracking,static_fusion,0.9509214131412504,0.7660906395499014,1.6332211358867248,0.66,0.07,0.4907565220503486,0.0,4.244384885783671,0.4613780450926569,fixed Q/R; held-out seeds not used for tuning
102,s4_mixed_dynamic,kalman_wifi_only,kalman_tracking,wifi_only,1.5392625487841372,1.3040275634159235,2.9882428501032647,0.39,0.24,1.2629021424126807,0.0,5.308575594334873,1.2299777414294077,fixed Q/R; held-out seeds not used for tuning
102,s4_mixed_dynamic,kalman_vlp_only,kalman_tracking,vlp_only,0.4890559151588533,0.3472878930535992,1.045604712438441,0.89,0.04,0.46549642584058876,0.0,2.8321862193149996,0.3701315700400953,fixed Q/R; held-out seeds not used for tuning
102,s4_mixed_dynamic,kalman_static_fusion,kalman_tracking,static_fusion,0.4890559151588533,0.3472878930535992,1.045604712438441,0.89,0.04,0.46549642584058876,0.0,2.8321862193149996,0.3701315700400953,fixed Q/R; held-out seeds not used for tuning
102,s4_mixed_dynamic,kalman_static_fusion_median,kalman_tracking,static_fusion,0.7919563482628236,0.6911854047530863,1.208993796129224,0.76,0.03,0.40129030741528815,0.0,2.678630350886413,0.38620831436379943,fixed Q/R; held-out seeds not used for tuning
103,s1_clean,kalman_wifi_only,kalman_tracking,wifi_only,0.9626467889257944,0.7583370390691389,1.9673734147673265,0.67,0.1,0.7303135905957796,0.0,4.245400694937829,0.6976394168910253,fixed Q/R; held-out seeds not used for tuning
103,s1_clean,kalman_vlp_only,kalman_tracking,vlp_only,0.3592218245155208,0.3222901402472299,0.6641091041903779,1.0,0.0,0.3171134053851231,0.0,0.9415804738680562,0.2602877906327533,fixed Q/R; held-out seeds not used for tuning
103,s1_clean,kalman_static_fusion,kalman_tracking,static_fusion,0.3592218245155208,0.3222901402472299,0.6641091041903779,1.0,0.0,0.3171134053851231,0.0,0.9415804738680562,0.2602877906327533,fixed Q/R; held-out seeds not used for tuning
103,s1_clean,kalman_static_fusion_median,kalman_tracking,static_fusion,0.702229527567304,0.7435672680255652,1.0867770886148667,0.85,0.0,0.29485818514319123,0.0,1.5115545206499774,0.3046340533580056,fixed Q/R; held-out seeds not used for tuning
103,s2_wifi_degraded,kalman_wifi_only,kalman_tracking,wifi_only,1.4201794373745358,1.155163812520116,3.176161048390081,0.45,0.2,1.089552574770436,2.0,5.298666938403822,1.071835308814517,fixed Q/R; held-out seeds not used for tuning
103,s2_wifi_degraded,kalman_vlp_only,kalman_tracking,vlp_only,0.3778414898201619,0.3410841869441227,0.6637263125053983,1.0,0.0,0.3309929999527498,0.0,0.9416325218944818,0.26344479245432256,fixed Q/R; held-out seeds not used for tuning
103,s2_wifi_degraded,kalman_static_fusion,kalman_tracking,static_fusion,0.3778414898201619,0.3410841869441227,0.6637263125053983,1.0,0.0,0.3309929999527498,0.0,0.9416325218944818,0.26344479245432256,fixed Q/R; held-out seeds not used for tuning
103,s2_wifi_degraded,kalman_static_fusion_median,kalman_tracking,static_fusion,0.6660963771103876,0.6845883798374904,1.01830672789329,0.88,0.0,0.2975359791160119,0.0,1.3099581796543605,0.29921183824389624,fixed Q/R; held-out seeds not used for tuning
103,s3_vlp_blocked,kalman_wifi_only,kalman_tracking,wifi_only,0.8422333156811459,0.6569690071498534,1.5044733965681958,0.73,0.05,0.7228133794470133,0.3333333333333333,4.30904724707917,0.6823273154425389,fixed Q/R; held-out seeds not used for tuning
103,s3_vlp_blocked,kalman_vlp_only,kalman_tracking,vlp_only,0.7304405056048665,0.4890481130919695,1.869303557273335,0.81,0.08,0.5356581170747949,0.0,3.091493999142739,0.508252584878085,fixed Q/R; held-out seeds not used for tuning
103,s3_vlp_blocked,kalman_static_fusion,kalman_tracking,static_fusion,0.7304405056048665,0.4890481130919695,1.869303557273335,0.81,0.08,0.5356581170747949,0.0,3.091493999142739,0.508252584878085,fixed Q/R; held-out seeds not used for tuning
103,s3_vlp_blocked,kalman_static_fusion_median,kalman_tracking,static_fusion,0.7807484374558352,0.7319934231968834,1.2287783099163208,0.74,0.04,0.4273549479165702,0.0,3.001626497529918,0.43409030061179044,fixed Q/R; held-out seeds not used for tuning
103,s4_mixed_dynamic,kalman_wifi_only,kalman_tracking,wifi_only,1.1609916764931476,0.8442925814559337,2.1801665431589194,0.58,0.14,0.9447957251038317,0.0,5.357486008467197,0.9284072208955526,fixed Q/R; held-out seeds not used for tuning
103,s4_mixed_dynamic,kalman_vlp_only,kalman_tracking,vlp_only,0.6858876580660173,0.4239563459973387,1.7650796593322744,0.82,0.07,0.5342117132383145,0.0,3.550826604580565,0.486776820849411,fixed Q/R; held-out seeds not used for tuning
103,s4_mixed_dynamic,kalman_static_fusion,kalman_tracking,static_fusion,0.6858876580660173,0.4239563459973387,1.7650796593322744,0.82,0.07,0.5342117132383145,0.0,3.550826604580565,0.486776820849411,fixed Q/R; held-out seeds not used for tuning
103,s4_mixed_dynamic,kalman_static_fusion_median,kalman_tracking,static_fusion,0.8253250114767696,0.6642610919014948,1.3288397747168936,0.79,0.07,0.40402106830893875,0.0,3.5160738864909113,0.438341578858264,fixed Q/R; held-out seeds not used for tuning
104,s1_clean,kalman_wifi_only,kalman_tracking,wifi_only,1.1914551654315888,0.9194419290000453,2.7120526840545818,0.53,0.15,0.9095530289177258,0.0,4.011601256457168,0.8785637377393005,fixed Q/R; held-out seeds not used for tuning
104,s1_clean,kalman_vlp_only,kalman_tracking,vlp_only,0.3750617820880447,0.3659645345812902,0.6386160810611126,0.98,0.0,0.3450874253653202,0.0,1.0764513771903517,0.2774128737180849,fixed Q/R; held-out seeds not used for tuning
104,s1_clean,kalman_static_fusion,kalman_tracking,static_fusion,0.37394694564957964,0.3659645345812902,0.6386160810611126,0.98,0.0,0.343428078725256,0.0,1.0764513771903517,0.2771879062041112,fixed Q/R; held-out seeds not used for tuning
104,s1_clean,kalman_static_fusion_median,kalman_tracking,static_fusion,0.742767721385042,0.7719595955192156,1.0920338488655845,0.83,0.0,0.3057947468368267,0.0,1.4479122950943049,0.323426200653847,fixed Q/R; held-out seeds not used for tuning
104,s2_wifi_degraded,kalman_wifi_only,kalman_tracking,wifi_only,2.1945034019632303,1.7316235407850387,4.271136394260352,0.26,0.48,1.502736315391511,5.5,6.490322686174012,1.4898288977324192,fixed Q/R; held-out seeds not used for tuning
104,s2_wifi_degraded,kalman_vlp_only,kalman_tracking,vlp_only,0.3400737789254068,0.3026557192016498,0.5626379028672193,0.98,0.0,0.3362159197618007,0.0,1.0764513771903517,0.26511447367576135,fixed Q/R; held-out seeds not used for tuning
104,s2_wifi_degraded,kalman_static_fusion,kalman_tracking,static_fusion,0.43830163329036664,0.35117156452703513,0.6845428343558617,0.94,0.02,0.40304574934458975,0.0,4.085684422454633,0.33637002556914536,fixed Q/R; held-out seeds not used for tuning
104,s2_wifi_degraded,kalman_static_fusion_median,kalman_tracking,static_fusion,0.7316072728466918,0.752961769519735,1.0817393318155202,0.83,0.0,0.3007435392514733,0.0,1.4631598468301583,0.3228936956509367,fixed Q/R; held-out seeds not used for tuning
104,s3_vlp_blocked,kalman_wifi_only,kalman_tracking,wifi_only,1.1118434059086983,0.8128640548258597,2.1949655594116053,0.6,0.12,0.851558148263641,0.0,4.426222919494926,0.8516792475227738,fixed Q/R; held-out seeds not used for tuning
104,s3_vlp_blocked,kalman_vlp_only,kalman_tracking,vlp_only,0.8269576612490736,0.5274060026508752,1.8036957699715295,0.76,0.1,0.6063573660345891,0.0,4.304431338744981,0.5586875820604104,fixed Q/R; held-out seeds not used for tuning
104,s3_vlp_blocked,kalman_static_fusion,kalman_tracking,static_fusion,0.8236143360558728,0.5274060027600078,1.8027942115092233,0.75,0.1,0.6075697288395262,0.0,4.304332530137676,0.5616587675228089,fixed Q/R; held-out seeds not used for tuning
104,s3_vlp_blocked,kalman_static_fusion_median,kalman_tracking,static_fusion,0.9991100590230865,0.811329280208167,1.9489216693713438,0.58,0.1,0.4489166304136773,0.0,3.1617797842712947,0.47215070816644816,fixed Q/R; held-out seeds not used for tuning
104,s4_mixed_dynamic,kalman_wifi_only,kalman_tracking,wifi_only,1.4151511202541998,0.9495793634421561,3.5298936530068494,0.52,0.21,0.9690097957298874,0.0,5.896984215207219,0.9578565133234382,fixed Q/R; held-out seeds not used for tuning
104,s4_mixed_dynamic,kalman_vlp_only,kalman_tracking,vlp_only,0.6930807662342763,0.4139044581477715,1.8265918975738988,0.8,0.08,0.5666342281700565,0.0,3.5656110642654935,0.5058393739291557,fixed Q/R; held-out seeds not used for tuning
104,s4_mixed_dynamic,kalman_static_fusion,kalman_tracking,static_fusion,0.6930807662342763,0.4139044581477715,1.8265918975738988,0.8,0.08,0.5666342281700565,0.0,3.5656110642654935,0.5058393739291557,fixed Q/R; held-out seeds not used for tuning
104,s4_mixed_dynamic,kalman_static_fusion_median,kalman_tracking,static_fusion,0.777630685060589,0.7491434061855579,1.151165210876153,0.75,0.02,0.367802984624879,0.0,3.8521442232561363,0.4038967749764678,fixed Q/R; held-out seeds not used for tuning
105,s1_clean,kalman_wifi_only,kalman_tracking,wifi_only,1.0759285680633548,0.8444847025192913,2.2674497054466403,0.58,0.14,0.9069693250188489,0.0,3.9084412691921147,0.8835112382548906,fixed Q/R; held-out seeds not used for tuning
105,s1_clean,kalman_vlp_only,kalman_tracking,vlp_only,0.38845663438464373,0.3309385394021259,0.7321192550570443,0.97,0.0,0.3358211630100145,0.0,1.1169688028929914,0.27709571130415495,fixed Q/R; held-out seeds not used for tuning
105,s1_clean,kalman_static_fusion,kalman_tracking,static_fusion,0.38845663438464373,0.3309385394021259,0.7321192550570443,0.97,0.0,0.3358211630100145,0.0,1.1169688028929914,0.27709571130415495,fixed Q/R; held-out seeds not used for tuning
105,s1_clean,kalman_static_fusion_median,kalman_tracking,static_fusion,0.7140508032554287,0.7206446112977868,1.1086650527468427,0.86,0.0,0.30932178668285015,0.0,1.516733663807278,0.3159178754372546,fixed Q/R; held-out seeds not used for tuning
105,s2_wifi_degraded,kalman_wifi_only,kalman_tracking,wifi_only,1.53052091455636,1.0732978147414851,3.6568424245804714,0.44,0.23,1.1662376177217346,0.0,6.038254984339771,1.160930957312647,fixed Q/R; held-out seeds not used for tuning
105,s2_wifi_degraded,kalman_vlp_only,kalman_tracking,vlp_only,0.3696075489693923,0.3201274039727783,0.7185285058945245,0.98,0.0,0.32735285949724097,0.0,1.114845741594307,0.2636668359445884,fixed Q/R; held-out seeds not used for tuning
105,s2_wifi_degraded,kalman_static_fusion,kalman_tracking,static_fusion,0.3696075489693923,0.3201274039727783,0.7185285058945245,0.98,0.0,0.32735285949724097,0.0,1.114845741594307,0.2636668359445884,fixed Q/R; held-out seeds not used for tuning
105,s2_wifi_degraded,kalman_static_fusion_median,kalman_tracking,static_fusion,0.7047956431330992,0.7221802851133734,1.066009364200264,0.86,0.0,0.31102473695788074,0.0,1.4677153347869214,0.3196099306493409,fixed Q/R; held-out seeds not used for tuning
105,s3_vlp_blocked,kalman_wifi_only,kalman_tracking,wifi_only,1.0724756442345658,0.9219266378650839,1.980114475665696,0.58,0.1,0.8983098548669783,0.6666666666666666,4.909075720962065,0.8200028676888045,fixed Q/R; held-out seeds not used for tuning
105,s3_vlp_blocked,kalman_vlp_only,kalman_tracking,vlp_only,0.7379423569531781,0.5580781087438771,1.568562651677522,0.73,0.08,0.6675844168319092,0.0,3.0901225211289485,0.6066573832997167,fixed Q/R; held-out seeds not used for tuning
105,s3_vlp_blocked,kalman_static_fusion,kalman_tracking,static_fusion,0.7379423569531781,0.5580781087438771,1.568562651677522,0.73,0.08,0.6675844168319092,0.0,3.0901225211289485,0.6066573832997167,fixed Q/R; held-out seeds not used for tuning
105,s3_vlp_blocked,kalman_static_fusion_median,kalman_tracking,static_fusion,0.9086652717836174,0.8225574443926476,1.542509189280772,0.7,0.03,0.4191239993248934,0.0,3.6199814554458762,0.40891688326590636,fixed Q/R; held-out seeds not used for tuning
105,s4_mixed_dynamic,kalman_wifi_only,kalman_tracking,wifi_only,1.3315875661764858,1.1759609207726567,2.587027569700707,0.48,0.21,1.068410533158555,0.0,4.153539292037399,1.0282254421604085,fixed Q/R; held-out seeds not used for tuning
105,s4_mixed_dynamic,kalman_vlp_only,kalman_tracking,vlp_only,0.6815999105086198,0.4464237684995742,1.630359240375582,0.8,0.07,0.537468100258474,0.0,3.2324807051106914,0.4918904754639329,fixed Q/R; held-out seeds not used for tuning
105,s4_mixed_dynamic,kalman_static_fusion,kalman_tracking,static_fusion,0.6815999105086198,0.4464237684995742,1.630359240375582,0.8,0.07,0.537468100258474,0.0,3.2324807051106914,0.4918904754639329,fixed Q/R; held-out seeds not used for tuning
105,s4_mixed_dynamic,kalman_static_fusion_median,kalman_tracking,static_fusion,0.8356182323080117,0.7852734279879803,1.4066261179040493,0.69,0.02,0.33155756796538516,0.0,2.191384999515584,0.32956494223510685,fixed Q/R; held-out seeds not used for tuning
106,s1_clean,kalman_wifi_only,kalman_tracking,wifi_only,1.0608833308575176,0.7848353444841358,2.187777409001955,0.64,0.13,0.8603582447053011,0.0,4.8714941384240555,0.8481620305214668,fixed Q/R; held-out seeds not used for tuning
106,s1_clean,kalman_vlp_only,kalman_tracking,vlp_only,0.4048255175036403,0.3920304618640987,0.6569434243696187,0.97,0.0,0.39725125098394864,0.0,1.1681223100926246,0.2945185531026747,fixed Q/R; held-out seeds not used for tuning
106,s1_clean,kalman_static_fusion,kalman_tracking,static_fusion,0.4048255175036403,0.3920304618640987,0.6569434243696187,0.97,0.0,0.39725125098394864,0.0,1.1681223100926246,0.2945185531026747,fixed Q/R; held-out seeds not used for tuning
106,s1_clean,kalman_static_fusion_median,kalman_tracking,static_fusion,0.8270719387466393,0.8103906405748522,1.226308643928574,0.75,0.0,0.36762432674806744,0.0,1.6243064214080307,0.35406654631202084,fixed Q/R; held-out seeds not used for tuning
106,s2_wifi_degraded,kalman_wifi_only,kalman_tracking,wifi_only,1.607111764578973,1.394224755167309,2.8713349531618237,0.4,0.26,1.0741215717033552,1.5,5.235648752081292,1.0901028570109974,fixed Q/R; held-out seeds not used for tuning
106,s2_wifi_degraded,kalman_vlp_only,kalman_tracking,vlp_only,0.41736549445605825,0.4009435175700006,0.6849030983962823,0.99,0.0,0.40381291172080463,0.0,1.0341015185176923,0.2970359922658997,fixed Q/R; held-out seeds not used for tuning
106,s2_wifi_degraded,kalman_static_fusion,kalman_tracking,static_fusion,0.42525588915896734,0.40261262399013553,0.6879937465158834,0.98,0.0,0.40547989592953027,0.0,1.0532619646720098,0.3044244066720734,fixed Q/R; held-out seeds not used for tuning
106,s2_wifi_degraded,kalman_static_fusion_median,kalman_tracking,static_fusion,0.8334503166009146,0.8368974742862394,1.2082703874357525,0.7,0.0,0.3715846066567339,0.0,1.5179584744757735,0.34332702210591837,fixed Q/R; held-out seeds not used for tuning
106,s3_vlp_blocked,kalman_wifi_only,kalman_tracking,wifi_only,1.1161536760559962,0.8707696487896233,2.1390695775030637,0.58,0.12,0.7881675019071325,0.0,4.631869502486029,0.7510914224698632,fixed Q/R; held-out seeds not used for tuning
106,s3_vlp_blocked,kalman_vlp_only,kalman_tracking,vlp_only,0.9375799199900317,0.5850470162780889,2.2337934972710776,0.64,0.13,0.7201066711832717,0.0,3.9976580337990253,0.6696993553995024,fixed Q/R; held-out seeds not used for tuning
106,s3_vlp_blocked,kalman_static_fusion,kalman_tracking,static_fusion,0.934723345800202,0.585047028447822,2.215920339724733,0.64,0.12,0.720550739628548,0.0,3.997658033849593,0.6713952243964892,fixed Q/R; held-out seeds not used for tuning
106,s3_vlp_blocked,kalman_static_fusion_median,kalman_tracking,static_fusion,1.1608850611098251,0.9654084944747103,2.1658872195464096,0.51,0.13,0.5196013075726962,0.0,4.359265952826079,0.5383480891767767,fixed Q/R; held-out seeds not used for tuning
106,s4_mixed_dynamic,kalman_wifi_only,kalman_tracking,wifi_only,1.5870554233118808,1.1710683553125643,3.579184206662885,0.45,0.25,1.111102227632059,0.0,7.244531225526169,1.087103010965076,fixed Q/R; held-out seeds not used for tuning
106,s4_mixed_dynamic,kalman_vlp_only,kalman_tracking,vlp_only,0.6121868633799559,0.41620177912184586,1.2933918147449175,0.85,0.05,0.5558327392167517,0.0,3.6509699479972073,0.4417855929764551,fixed Q/R; held-out seeds not used for tuning
106,s4_mixed_dynamic,kalman_static_fusion,kalman_tracking,static_fusion,0.6121868633799559,0.41620177912184586,1.2933918147449175,0.85,0.05,0.5558327392167517,0.0,3.6509699479972073,0.4417855929764551,fixed Q/R; held-out seeds not used for tuning
106,s4_mixed_dynamic,kalman_static_fusion_median,kalman_tracking,static_fusion,0.9863479362333843,0.8605081824833045,1.5976398212886662,0.6,0.05,0.43509405398094325,0.0,4.023620338197081,0.4113468315192475,fixed Q/R; held-out seeds not used for tuning
107,s1_clean,kalman_wifi_only,kalman_tracking,wifi_only,1.0937189800634775,0.8211532628472155,2.076069767117088,0.6,0.11,0.8435919166165795,0.0,5.495568216670641,0.8175380549890474,fixed Q/R; held-out seeds not used for tuning
107,s1_clean,kalman_vlp_only,kalman_tracking,vlp_only,0.36820072914564406,0.3072570295066961,0.6470682695110103,0.98,0.0,0.3301660665859455,0.0,1.6354597604930192,0.24863255198240578,fixed Q/R; held-out seeds not used for tuning
107,s1_clean,kalman_static_fusion,kalman_tracking,static_fusion,0.36820072914564406,0.3072570295066961,0.6470682695110103,0.98,0.0,0.3301660665859455,0.0,1.6354597604930192,0.24863255198240578,fixed Q/R; held-out seeds not used for tuning
107,s1_clean,kalman_static_fusion_median,kalman_tracking,static_fusion,0.6860865102649695,0.6729400389563974,1.1228104987756367,0.86,0.0,0.31551058205445864,0.0,1.6565378042629417,0.3154856201328444,fixed Q/R; held-out seeds not used for tuning
107,s2_wifi_degraded,kalman_wifi_only,kalman_tracking,wifi_only,1.3376656945088095,1.0399043825255867,2.5630875932047625,0.47,0.18,1.051667953084238,0.5,6.480881751578277,1.0294024472783931,fixed Q/R; held-out seeds not used for tuning
107,s2_wifi_degraded,kalman_vlp_only,kalman_tracking,vlp_only,0.35981659185815734,0.31562538165726706,0.7104780049077232,0.97,0.0,0.3343297813023202,0.0,1.6354597604930192,0.2500390165959732,fixed Q/R; held-out seeds not used for tuning
107,s2_wifi_degraded,kalman_static_fusion,kalman_tracking,static_fusion,0.35981659185815734,0.31562538165726706,0.7104780049077232,0.97,0.0,0.3343297813023202,0.0,1.6354597604930192,0.2500390165959732,fixed Q/R; held-out seeds not used for tuning
107,s2_wifi_degraded,kalman_static_fusion_median,kalman_tracking,static_fusion,0.6996624494631207,0.6746664122148713,1.1290151641492914,0.85,0.0,0.3191445189872087,0.0,1.6574426004567786,0.32422008990112977,fixed Q/R; held-out seeds not used for tuning
107,s3_vlp_blocked,kalman_wifi_only,kalman_tracking,wifi_only,0.870455959061636,0.8961441860652619,1.4385520490794013,0.63,0.01,0.6600467766224883,0.0,2.0990500785383825,0.6347683280747752,fixed Q/R; held-out seeds not used for tuning
107,s3_vlp_blocked,kalman_vlp_only,kalman_tracking,vlp_only,0.812446006663395,0.438842873771705,1.730384952721966,0.73,0.09,0.6243602928521177,0.0,5.198393750972818,0.5879101270165424,fixed Q/R; held-out seeds not used for tuning
107,s3_vlp_blocked,kalman_static_fusion,kalman_tracking,static_fusion,0.812446006663395,0.438842873771705,1.730384952721966,0.73,0.09,0.6243602928521177,0.0,5.198393750972818,0.5879101270165424,fixed Q/R; held-out seeds not used for tuning
107,s3_vlp_blocked,kalman_static_fusion_median,kalman_tracking,static_fusion,0.9483345653924953,0.7755032554260234,1.4176736596093662,0.77,0.06,0.4320616993897941,0.0,5.31931075602983,0.4309929087647584,fixed Q/R; held-out seeds not used for tuning
107,s4_mixed_dynamic,kalman_wifi_only,kalman_tracking,wifi_only,1.3748475720900242,1.1448258997172491,2.7963554625584406,0.42,0.21,1.0228290532734226,0.0,4.304378725650623,1.0325933059262113,fixed Q/R; held-out seeds not used for tuning
107,s4_mixed_dynamic,kalman_vlp_only,kalman_tracking,vlp_only,0.7003321432109963,0.45026440080350605,1.6314072547274163,0.81,0.07,0.5400267704976188,0.0,5.016375974012076,0.4618838578154772,fixed Q/R; held-out seeds not used for tuning
107,s4_mixed_dynamic,kalman_static_fusion,kalman_tracking,static_fusion,0.7003321432109963,0.45026440080350605,1.6314072547274163,0.81,0.07,0.5400267704976188,0.0,5.016375974012076,0.4618838578154772,fixed Q/R; held-out seeds not used for tuning
107,s4_mixed_dynamic,kalman_static_fusion_median,kalman_tracking,static_fusion,0.8647990326475186,0.8067528036876983,1.3169918458810839,0.77,0.05,0.43530381623061076,0.0,3.0971466295196,0.4093371561738369,fixed Q/R; held-out seeds not used for tuning
108,s1_clean,kalman_wifi_only,kalman_tracking,wifi_only,1.0942998765796503,0.7633719657223397,2.4445444728274968,0.59,0.13,0.9403032056377972,0.0,4.383147348351861,0.8850426239630833,fixed Q/R; held-out seeds not used for tuning
108,s1_clean,kalman_vlp_only,kalman_tracking,vlp_only,0.4297905122222702,0.34318353524021755,0.8702551018827318,0.94,0.0,0.33649195044807073,0.0,1.7101033785268773,0.28545977330306277,fixed Q/R; held-out seeds not used for tuning
108,s1_clean,kalman_static_fusion,kalman_tracking,static_fusion,0.4297905122222702,0.34318353524021755,0.8702551018827318,0.94,0.0,0.33649195044807073,0.0,1.7101033785268773,0.28545977330306277,fixed Q/R; held-out seeds not used for tuning
108,s1_clean,kalman_static_fusion_median,kalman_tracking,static_fusion,0.7019957909174092,0.7194133602585457,1.0749669262617265,0.85,0.0,0.2986130600862532,0.0,1.7101033785268773,0.3077675036353638,fixed Q/R; held-out seeds not used for tuning
108,s2_wifi_degraded,kalman_wifi_only,kalman_tracking,wifi_only,2.048304039438715,1.6585215945970293,4.137269290590665,0.32,0.44,1.5189606922055976,2.75,6.41366988513828,1.4840483788963101,fixed Q/R; held-out seeds not used for tuning
108,s2_wifi_degraded,kalman_vlp_only,kalman_tracking,vlp_only,0.38933937251676903,0.32647296130926684,0.7169516873271133,0.97,0.0,0.33827428771232365,0.0,1.7101033785268773,0.27091970214018707,fixed Q/R; held-out seeds not used for tuning
108,s2_wifi_degraded,kalman_static_fusion,kalman_tracking,static_fusion,0.3860141749008268,0.32212213295517234,0.7169516873271133,0.97,0.0,0.33296430136987704,0.0,1.7101033785268773,0.2662196491486392,fixed Q/R; held-out seeds not used for tuning
108,s2_wifi_degraded,kalman_static_fusion_median,kalman_tracking,static_fusion,0.6893306781489963,0.7108311778762026,1.0333266952613134,0.88,0.0,0.2982517503424644,0.0,1.7101033785268773,0.29010439391598103,fixed Q/R; held-out seeds not used for tuning
108,s3_vlp_blocked,kalman_wifi_only,kalman_tracking,wifi_only,1.1237653380216996,0.962011676218757,2.1446503084264306,0.53,0.13,0.9043408324566965,1.0,3.576980672849892,0.8524466148694437,fixed Q/R; held-out seeds not used for tuning
108,s3_vlp_blocked,kalman_vlp_only,kalman_tracking,vlp_only,0.7768124002687187,0.5885359211578853,1.7139521988482542,0.73,0.03,0.5896126073830219,0.0,3.169350250862802,0.5601277564139192,fixed Q/R; held-out seeds not used for tuning
108,s3_vlp_blocked,kalman_static_fusion,kalman_tracking,static_fusion,0.7768124002687187,0.5885359211578853,1.7139521988482542,0.73,0.03,0.5896126073830219,0.0,3.169350250862802,0.5601277564139192,fixed Q/R; held-out seeds not used for tuning
108,s3_vlp_blocked,kalman_static_fusion_median,kalman_tracking,static_fusion,0.8667885090341316,0.8280207059062675,1.4838302084852453,0.7,0.03,0.3937108836602268,0.0,2.3044177195001394,0.41506769815385797,fixed Q/R; held-out seeds not used for tuning
108,s4_mixed_dynamic,kalman_wifi_only,kalman_tracking,wifi_only,1.8263905697561873,1.4797619991813242,3.7481874727467464,0.3,0.36,1.3949527950651002,1.0,4.89441512129273,1.3762089329579288,fixed Q/R; held-out seeds not used for tuning
108,s4_mixed_dynamic,kalman_vlp_only,kalman_tracking,vlp_only,0.6955782281099561,0.45183809492831306,1.716184643009858,0.8,0.08,0.5214071880031212,0.0,3.2017374701914125,0.48333560870611403,fixed Q/R; held-out seeds not used for tuning
108,s4_mixed_dynamic,kalman_static_fusion,kalman_tracking,static_fusion,0.6955782281099561,0.45183809492831306,1.716184643009858,0.8,0.08,0.5214071880031212,0.0,3.2017374701914125,0.48333560870611403,fixed Q/R; held-out seeds not used for tuning
108,s4_mixed_dynamic,kalman_static_fusion_median,kalman_tracking,static_fusion,0.8735617899943092,0.7922106569882503,1.5695376920615187,0.73,0.05,0.4199328195992891,0.0,3.02733158936658,0.4104776086784597,fixed Q/R; held-out seeds not used for tuning
109,s1_clean,kalman_wifi_only,kalman_tracking,wifi_only,0.9584985690472949,0.8742239736468413,1.7127939672010843,0.57,0.05,0.6911430726416269,0.0,3.2083883420635027,0.6489511660425424,fixed Q/R; held-out seeds not used for tuning
109,s1_clean,kalman_vlp_only,kalman_tracking,vlp_only,0.35933268330926027,0.330151364807987,0.5603047300463462,0.97,0.0,0.31135554594512327,0.0,1.39293427764973,0.2638705660289518,fixed Q/R; held-out seeds not used for tuning
109,s1_clean,kalman_static_fusion,kalman_tracking,static_fusion,0.36827076511694606,0.34139223954894315,0.5776374064042886,0.97,0.0,0.31233024832921696,0.0,1.39293427764973,0.2643326162184168,fixed Q/R; held-out seeds not used for tuning
109,s1_clean,kalman_static_fusion_median,kalman_tracking,static_fusion,0.6807812033386976,0.6893201702402677,1.0380705204792087,0.87,0.0,0.28578863152696227,0.0,1.3913849803837717,0.28179139724997243,fixed Q/R; held-out seeds not used for tuning
109,s2_wifi_degraded,kalman_wifi_only,kalman_tracking,wifi_only,1.366051715093509,1.232786890174372,2.4750334922819555,0.46,0.25,1.051452185578639,0.25,5.457284869617689,1.0348722001391617,fixed Q/R; held-out seeds not used for tuning
109,s2_wifi_degraded,kalman_vlp_only,kalman_tracking,vlp_only,0.32474980900136957,0.3018560157601715,0.5337929690851368,0.99,0.0,0.33496362028621335,0.0,1.091625406707112,0.2697755900229984,fixed Q/R; held-out seeds not used for tuning
109,s2_wifi_degraded,kalman_static_fusion,kalman_tracking,static_fusion,0.31416465863511556,0.2882891936511882,0.5279043504570037,0.99,0.0,0.3347727440301391,0.0,1.091625406707112,0.26899020047469874,fixed Q/R; held-out seeds not used for tuning
109,s2_wifi_degraded,kalman_static_fusion_median,kalman_tracking,static_fusion,0.6493011067734642,0.6348330909542712,0.941133941031594,0.92,0.0,0.29422853005711436,0.0,1.4067275362878842,0.2895536647127084,fixed Q/R; held-out seeds not used for tuning
109,s3_vlp_blocked,kalman_wifi_only,kalman_tracking,wifi_only,0.8577181829791415,0.7778910662128737,1.3774053980999557,0.72,0.03,0.6657366678683763,0.0,2.262470871669795,0.6293704867395125,fixed Q/R; held-out seeds not used for tuning
109,s3_vlp_blocked,kalman_vlp_only,kalman_tracking,vlp_only,0.7994768147268719,0.4365248090196271,2.1088062959920064,0.74,0.11,0.6873024439669838,0.0,3.7584798371065595,0.6391206009472858,fixed Q/R; held-out seeds not used for tuning
109,s3_vlp_blocked,kalman_static_fusion,kalman_tracking,static_fusion,0.7994768147268719,0.4365248090196271,2.1088062959920064,0.74,0.11,0.6873024439669838,0.0,3.7584798371065595,0.6391206009472858,fixed Q/R; held-out seeds not used for tuning
109,s3_vlp_blocked,kalman_static_fusion_median,kalman_tracking,static_fusion,0.9695901225387118,0.739884976959817,1.7328739357206322,0.73,0.08,0.4935280224348477,0.0,5.272849309016081,0.4883761132893951,fixed Q/R; held-out seeds not used for tuning
109,s4_mixed_dynamic,kalman_wifi_only,kalman_tracking,wifi_only,1.309980219509285,1.029375871396053,2.7043223763238395,0.47,0.21,1.0521097473802303,0.0,4.602817015944797,1.0353197417862083,fixed Q/R; held-out seeds not used for tuning
109,s4_mixed_dynamic,kalman_vlp_only,kalman_tracking,vlp_only,0.7753984531429303,0.47349612933158697,1.7274159552099908,0.77,0.08,0.5875997214767611,0.0,3.9630185015082535,0.5548145956483874,fixed Q/R; held-out seeds not used for tuning
109,s4_mixed_dynamic,kalman_static_fusion,kalman_tracking,static_fusion,0.7753984531429303,0.47349612933158697,1.7274159552099908,0.77,0.08,0.5875997214767611,0.0,3.9630185015082535,0.5548145956483874,fixed Q/R; held-out seeds not used for tuning
109,s4_mixed_dynamic,kalman_static_fusion_median,kalman_tracking,static_fusion,0.8450279775532225,0.7423115318119122,1.3782862449250122,0.81,0.05,0.37999905370215914,0.0,3.567571882803157,0.3686084959376303,fixed Q/R; held-out seeds not used for tuning
110,s1_clean,kalman_wifi_only,kalman_tracking,wifi_only,1.002823072221801,0.789473178986857,1.6366959028018278,0.65,0.08,0.8242123769229482,0.0,5.223589606842284,0.7928009802624151,fixed Q/R; held-out seeds not used for tuning
110,s1_clean,kalman_vlp_only,kalman_tracking,vlp_only,0.3950568929539075,0.31492178601854603,0.7546055699926992,0.96,0.0,0.3854840742455952,0.0,1.6650378669789287,0.27543875570882,fixed Q/R; held-out seeds not used for tuning
110,s1_clean,kalman_static_fusion,kalman_tracking,static_fusion,0.3950568929539075,0.31492178601854603,0.7546055699926992,0.96,0.0,0.3854840742455952,0.0,1.6650378669789287,0.27543875570882,fixed Q/R; held-out seeds not used for tuning
110,s1_clean,kalman_static_fusion_median,kalman_tracking,static_fusion,0.7509467408742835,0.7128977304783726,1.2722008912367646,0.8,0.0,0.3814173462232229,0.0,1.6883213494644151,0.3499456087161329,fixed Q/R; held-out seeds not used for tuning
110,s2_wifi_degraded,kalman_wifi_only,kalman_tracking,wifi_only,1.3019359383566893,0.9809255616362867,2.484780481634411,0.5,0.19,0.972584839720696,0.0,5.497392565950955,0.9607213500587868,fixed Q/R; held-out seeds not used for tuning
110,s2_wifi_degraded,kalman_vlp_only,kalman_tracking,vlp_only,0.4215435824514538,0.33991096261325804,0.8573525309521541,0.92,0.0,0.41555290159976593,0.0,1.551632905281002,0.3113330716408422,fixed Q/R; held-out seeds not used for tuning
110,s2_wifi_degraded,kalman_static_fusion,kalman_tracking,static_fusion,0.4592562697219876,0.33991096261325804,1.0639467600005772,0.89,0.0,0.40657699246218637,0.0,1.9457219230732552,0.30395483272414303,fixed Q/R; held-out seeds not used for tuning
110,s2_wifi_degraded,kalman_static_fusion_median,kalman_tracking,static_fusion,0.7747806735516072,0.7131840003450649,1.2522178160899682,0.78,0.01,0.38624522682649043,0.0,2.0728562515731337,0.35928271050306493,fixed Q/R; held-out seeds not used for tuning
110,s3_vlp_blocked,kalman_wifi_only,kalman_tracking,wifi_only,0.8732614428194606,0.733946965890311,1.8669789510871304,0.67,0.06,0.6961177466293873,0.0,2.2635107052257006,0.6764898567402519,fixed Q/R; held-out seeds not used for tuning
110,s3_vlp_blocked,kalman_vlp_only,kalman_tracking,vlp_only,0.9414490451969312,0.7502062102706313,1.9865025218198968,0.61,0.1,0.7592968004583165,1.0,2.8616203299175345,0.7433389074222888,fixed Q/R; held-out seeds not used for tuning
110,s3_vlp_blocked,kalman_static_fusion,kalman_tracking,static_fusion,0.9414490451969312,0.7502062102706313,1.9865025218198968,0.61,0.1,0.7592968004583165,1.0,2.8616203299175345,0.7433389074222888,fixed Q/R; held-out seeds not used for tuning
110,s3_vlp_blocked,kalman_static_fusion_median,kalman_tracking,static_fusion,0.957356083172023,0.8011764756788975,1.7660349897597731,0.58,0.07,0.5053531577855125,0.0,2.623234126119353,0.49912808634482014,fixed Q/R; held-out seeds not used for tuning
110,s4_mixed_dynamic,kalman_wifi_only,kalman_tracking,wifi_only,1.545069610689782,1.1084347200541087,3.521448523495401,0.43,0.26,1.1514616058919063,0.0,4.7287470817766355,1.1479135635639248,fixed Q/R; held-out seeds not used for tuning
110,s4_mixed_dynamic,kalman_vlp_only,kalman_tracking,vlp_only,0.6497516408373268,0.4201724559101282,1.6036903820588433,0.76,0.02,0.5660132978489015,0.0,2.1137757939417563,0.4930914951083944,fixed Q/R; held-out seeds not used for tuning
110,s4_mixed_dynamic,kalman_static_fusion,kalman_tracking,static_fusion,0.6497516408373268,0.4201724559101282,1.6036903820588433,0.76,0.02,0.5660132978489015,0.0,2.1137757939417563,0.4930914951083944,fixed Q/R; held-out seeds not used for tuning
110,s4_mixed_dynamic,kalman_static_fusion_median,kalman_tracking,static_fusion,0.8494535741494144,0.7123130433670585,1.551123837833906,0.67,0.03,0.36050029392512645,0.0,2.3416536363490104,0.34416796031531055,fixed Q/R; held-out seeds not used for tuning
