t,scenario,true_x,true_y,wifi_degraded,vlp_blocked,mixed_dynamic,wifi_ap1_dbm,wifi_ap1_clean_dbm,wifi_ap2_dbm,wifi_ap2_clean_dbm,wifi_ap3_dbm,wifi_ap3_clean_dbm,vlp_led1_intensity,vlp_led1_clean_intensity,vlp_led2_intensity,vlp_led2_clean_intensity,vlp_led3_intensity,vlp_led3_clean_intensity,vlp_led4_intensity,vlp_led4_clean_intensity
0,s1_clean,2.2799291600344294,5.687548118721819,False,False,False,-53.90377325425254,-55.10432415677157,-57.81916829040615,-60.09625814080229,-56.79509125595624,-53.90549271242168,0.056844721467678855,0.05657269661479915,0.017090246235862475,0.01987391134391324,0.10691248119036639,0.10609185772390912,0.02491071496347606,0.023771803550765018
1,s1_clean,2.311993742915821,5.314965509108,False,False,False,-55.859306794629994,-54.39192030839843,-61.95705838190791,-59.819088762928615,-54.477645528242896,-54.49981204829351,0.06644186507871476,0.06628514518136083,0.021587786666686686,0.02112270938813125,0.08828723438846385,0.0884427419308305,0.023525949158157693,0.022955352203762536
2,s1_clean,2.4844149891244345,4.892233443738157,False,False,False,-52.316123995231294,-53.63311171151667,-54.83004959110696,-59.36484049456638,-52.826870457316424,-55.020761945485894,0.07947363705357366,0.07936714432957692,0.024550135018765,0.023371752900767425,0.07229538524799992,0.0719793634306059,0.02298295971426746,0.022686081516043476
3,s1_clean,2.842745217514855,4.547438345307587,False,False,False,-53.79792306064616,-53.23935311972469,-60.214517942518384,-58.73583670833875,-55.4585992440393,-55.27674083357637,0.08964503654203138,0.0892884118736903,0.02845527120419527,0.026963830356793648,0.058255133787034334,0.0601308393628788,0.02276987307651922,0.02351974992287213
4,s1_clean,2.9864127708382706,4.543611784897228,False,False,False,-53.303936519751154,-53.39319773748884,-57.82456952982644,-58.56482085135826,-55.19874815301263,-55.16516038100693,0.08823522221850479,0.08738989150348456,0.027569942963445743,0.028085140134134674,0.05953602833805636,0.059102948516354385,0.025002145243393486,0.02434116001387761
5,s1_clean,3.340887948111646,4.334249547684212,False,False,False,-51.56537511880426,-53.42031875011332,-55.662625783301884,-57.9839882012587,-51.99644188882342,-55.285091407625245,0.08799019002100376,0.08891495922713194,0.03303779863023476,0.032096498958200305,0.05157184473575476,0.05198665205598767,0.025336170395559975,0.02554601314644988
6,s1_clean,3.68623544692832,4.015886165396863,False,False,False,-54.800893691772146,-53.33741247360362,-57.373901972006166,-57.29285071514495,-54.092037464107335,-55.66783384918969,0.09233297114536751,0.09168266746389048,0.0372700105811509,0.03749199313799431,0.045051842629116115,0.0440207631280602,0.027194918396395255,0.025986359257793475
7,s1_clean,4.1188059230374,3.834922193216244,False,False,False,-54.46255483034978,-53.74487693519134,-58.05656610502395,-56.536129229010726,-55.35642103241545,-55.82475445136692,0.0866487185835268,0.08434350143027529,0.045191571040703614,0.044581941257607845,0.03869381951196498,0.03870386683120817,0.027521003068312826,0.02746382008375256
8,s1_clean,4.374208764323148,3.616554373320941,False,False,False,-49.15540240956129,-53.86908351635187,-56.356697014445906,-55.960239200729845,-55.989441999219714,-56.1474478638732,0.08186068604011801,0.08163188473198355,0.0503345579905975,0.05060828597286462,0.03277741225393064,0.03466028763553406,0.02658538605707698,0.027502025928875073
9,s1_clean,4.8310090365174965,3.516701129989274,False,False,False,-50.904880588014315,-54.54678089601196,-56.45855023859467,-55.12510740923521,-53.37744904799573,-56.26345757823553,0.06931398512798415,0.06985682049816294,0.06161711279011699,0.06118870297979299,0.031248005648424972,0.031138503796998947,0.030528223177304494,0.02928903290336587
10,s1_clean,5.174686225206629,3.48599608085182,False,False,False,-53.963557973249884,-55.103687907835706,-54.819173550281775,-54.50172788924818,-55.96053658891466,-56.31706783147199,0.06273017951404758,0.06139935146182422,0.07090374860479823,0.0704692718300977,0.029657031172326983,0.029023478359754894,0.03159073912316858,0.03090365758320274
11,s1_clean,5.555495990836912,3.59907830663822,False,False,False,-55.424514214772366,-55.834006062152625,-50.60964315527619,-53.96972921263948,-53.63890392075318,-56.16456420266104,0.04890383027517654,0.05208712274850915,0.0793673586066819,0.07979157622219414,0.026800085781080576,0.027770323380647045,0.03557190556276998,0.034078851835998826
12,s1_clean,5.685559404770427,3.675092014689703,False,False,False,-52.79724275778447,-56.104560135594184,-54.92483154092001,-53.84544034402706,-56.897616350101025,-56.05740227283985,0.048220150830583675,0.04904537738127728,0.08183812759357166,0.0822194750902513,0.02863206882706907,0.027557184652237846,0.034569607101235154,0.03563605902808789
13,s1_clean,5.990806032590996,3.622242725158004,False,False,False,-55.75620073228897,-56.52433942851141,-54.15459624429389,-53.22479493284894,-57.128947503397086,-56.23269779999972,0.045663386939960506,0.04432976973511613,0.09327184862286694,0.09373360958284584,0.02660054300988713,0.025581145068912705,0.036839308231038106,0.036762517490638934
14,s1_clean,6.191913166972428,3.379354108194402,False,False,False,-55.88491460691326,-56.64792637623873,-53.85955070363603,-52.450160757754205,-55.76299745003791,-56.70543610889764,0.04132848780772999,0.042598955900750385,0.10976679788694882,0.10902990287696546,0.022412992595573385,0.023297801762807446,0.0353590605143431,0.03494115469769169
15,s1_clean,6.672474944256793,3.2764536300776967,False,False,False,-58.89999737819772,-57.296374923792584,-47.76690953267899,-51.278190557888465,-56.70301905022487,-57.060062763818294,0.036072114842552926,0.03641480780958312,0.1354364503366645,0.13528766936133277,0.02113415098153786,0.020771058060485053,0.03660563955529473,0.035619876399163045
16,s1_clean,6.801426487780192,3.2605086161445698,False,False,False,-57.5591613111199,-57.473016174816784,-51.75630823176274,-50.97299196539892,-55.203001122347395,-57.14406501617929,0.03605874570134185,0.0349130581022596,0.1426900648632893,0.14233942517661052,0.020799660797128392,0.020195298678198036,0.034301749943232214,0.03584311991493248
17,s1_clean,7.202662568049404,3.119170050557377,False,False,False,-59.97001652321384,-57.96414118336226,-50.50151593157733,-49.764596888214996,-57.99649598662075,-57.55480729834844,0.03090233761878699,0.030940364879521443,0.17046511299210798,0.16982863288660544,0.01883196233218535,0.01821818871130076,0.03512465710877246,0.035139197636185324
18,s1_clean,7.355464000343399,3.083507848130031,False,False,False,-57.68804852670508,-58.15690054365142,-49.82327945689669,-49.32703245763513,-56.858538184234455,-57.68826347110546,0.03003042565651667,0.029537748488764184,0.17844675275889849,0.17890957047705006,0.017629112120733263,0.017589255438058157,0.033421104968293106,0.03498054169942877
19,s1_clean,7.503183997832102,2.737386539567276,False,False,False,-56.03566334011392,-58.2181256268744,-46.179298084274706,-47.92990774718165,-57.57930881486684,-58.23668225961292,0.03027511774621904,0.028711892875105574,0.20756967599746284,0.20874364293664138,0.018237451856649312,0.01613420182601896,0.030757574004199595,0.03130681543848783
20,s1_clean,7.571322716061035,2.6347148194743277,False,False,False,-57.01817233620736,-58.27520937532932,-49.262510328984995,-47.40668874824041,-61.050522200857834,-58.40612546078019,0.027726087855232187,0.028214714205345322,0.2179890059649898,0.21802513584538355,0.014931452951662285,0.015667615455058362,0.029303886176591385,0.03033055824220121
21,s1_clean,7.704726986928372,2.4931238219456597,False,False,False,-60.692410548234804,-58.411619059411834,-47.08428085860495,-46.51046206300357,-58.04938847771204,-58.65559146985781,0.027181211793761068,0.027183455988381126,0.2293363259597399,0.23092782901690534,0.01450372993169088,0.01495447963268756,0.028744920578876582,0.02905889452203571
22,s1_clean,7.701196953076577,2.16815646104391,False,False,False,-56.542665063993944,-58.318359552208534,-51.07591210032771,-45.329614040692555,-58.70858597855094,-59.05372538172816,0.02665190332627324,0.02737331927408325,0.24218228803027506,0.24286228613875938,0.014440962259237619,0.014181571759399433,0.02494009400720801,0.026246938006030677
23,s1_clean,7.655329139600928,1.9328868180562264,False,False,False,-58.631203807198446,-58.20268293675959,-44.79980107782635,-44.706661080609486,-57.93869009161123,-59.31419273458532,0.026895585366071364,0.027787617792823533,0.24313884970416735,0.2425240634944803,0.015547170249919542,0.013737658252041382,0.02411820852110893,0.024432756681837874
24,s1_clean,7.602021631114391,1.571641233574267,False,False,False,-57.66287711745938,-58.068574588941274,-44.742577079018616,-43.93962363239661,-63.605334364692716,-59.71253388602882,0.027426250324486055,0.02811663193729661,0.23170817459181295,0.23031508406596168,0.01355554391835118,0.013036714566444584,0.023086210468120146,0.021986631453885987
25,s1_clean,7.496118456242826,1.2679285911263276,False,False,False,-56.29702807637352,-57.886506249053724,-44.77628073370344,-44.04797413320761,-61.43553382621436,-60.01610766427191,0.030337222501533583,0.02878257206560435,0.20934588008959187,0.20877588785582518,0.014083437977522317,0.012574171336887822,0.019028465665743566,0.020171586752743983
26,s1_clean,7.213781174903376,0.8568255662582489,False,False,False,-57.92645486336484,-57.45636661091953,-44.55430431186149,-45.57315733758119,-60.53547042789431,-60.37809286032239,0.030238814266007007,0.03077835828008548,0.16899005219004865,0.16877671806520808,0.013229845188222521,0.01216419890643713,0.019042064522385417,0.017971686352675806
27,s1_clean,6.894230635172876,0.5695446452732373,False,False,False,-53.91529723605278,-56.974807854482584,-47.531523513432475,-47.31060304268903,-58.42790188338551,-60.60401181206532,0.033052370614709246,0.03333367107883194,0.13557421333545921,0.1375718597828654,0.01195116971480411,0.01202426588882608,0.015469150356715446,0.016546869354901673
28,s1_clean,6.483266315091463,0.4768582893029604,False,False,False,-56.944701884812574,-56.30215350605859,-48.87156644490795,-49.0204997633287,-61.3066276370785,-60.61572839631531,0.03741451112948011,0.037850632853431945,0.11544443569569866,0.11600333601825831,0.010819351989163416,0.012391982488502228,0.017555586572271298,0.015898720755610066
29,s1_clean,6.08112543865504,0.3893330184780748,False,False,False,-53.40620208805135,-55.59962726511365,-52.15118351112306,-50.439393084050394,-58.2588626687878,-60.645532510483456,0.0427202478455155,0.04301106168074497,0.09701087292678436,0.09731102670714786,0.013972206284736473,0.012726234792971173,0.016318976239195534,0.01524289596970247
30,s1_clean,5.9589922669011575,0.2570083151721161,False,False,False,-55.45528630022505,-55.40470982925393,-53.86865115279537,-50.90337211728924,-60.15923748027572,-60.77365450354084,0.04418371964975725,0.04403028621293036,0.0901618124085629,0.08925596830021836,0.01231201249100307,0.012558469092367387,0.01561216943197587,0.014680055645148416
31,s1_clean,5.831232280022617,0.1202910645042036,False,False,False,-55.91487698918795,-55.205099141665464,-46.65341826703874,-51.37428145803332,-60.82820258996459,-60.906452136908726,0.0457967173035397,0.04502142610389482,0.08255819356249004,0.081720316576892,0.012389392363967675,0.012381117486207422,0.012384841851713459,0.014125617297523364
32,s1_clean,6.000260145054196,0.4497115388847675,False,False,False,-54.713427544842055,-55.43534884168587,-54.38798794981982,-50.653957876570914,-61.78306155641525,-60.568512999616125,0.045615061235808094,0.044631947140781975,0.09603358313590746,0.09613208887280067,0.014743676571354685,0.012985505812617697,0.017377784894145203,0.015383239097449349
33,s1_clean,6.0249012997820826,0.6758579464524104,False,False,False,-55.045850132560254,-55.444643454601646,-50.22664109831333,-50.47340447209055,-62.08319569291814,-60.31934577977615,0.045808603735505604,0.04555148180103341,0.10356754944678144,0.10358006842402218,0.013107466060390779,0.013542265702922938,0.014080599408700724,0.016248518702778787
34,s1_clean,6.061421427145482,0.8183445365055386,False,False,False,-53.87336639324367,-55.50014462010857,-52.68184678643203,-50.317241707730886,-62.799369056942034,-60.16223965198601,0.04762563477688743,0.045679926801336174,0.10937092960763294,0.10923712973152427,0.012816039582982604,0.013875144940147336,0.015756936297557082,0.016853668773374655
35,s1_clean,6.087391277308319,1.2497472486120351,False,False,False,-56.95645884229196,-55.554392242050746,-51.141934364748664,-50.24920353075343,-63.21966108331335,-59.658076352518094,0.04789463784409624,0.0470153555769276,0.12136126679261153,0.12164042352643509,0.016193025968386964,0.015089174077593324,0.01727478197614909,0.01878852198906368
36,s1_clean,6.180286136373961,1.6086370686667928,False,False,False,-55.836357160515306,-55.78127713273002,-50.69321072627892,-50.12206012028483,-56.64811824945443,-59.232227918335894,0.048015226753223415,0.04623645193001986,0.13420094965240426,0.13396702433951566,0.016007127658981386,0.0160451028349048,0.020984948154640238,0.02076374077278815
37,s1_clean,6.291541896900854,2.051340535656898,False,False,False,-53.204250477835735,-56.10376388072777,-47.176015113510054,-50.19036811561167,-58.760097385219176,-58.68407680079507,0.046480998736610685,0.044603097258066556,0.14574688705029917,0.14447808499721596,0.014708396530857641,0.017299876373916858,0.023729608319733298,0.023637656372659365
38,s1_clean,6.306683312213806,2.196428146331729,False,False,False,-54.91836580109241,-56.18297046617123,-48.79638392544477,-50.32668536745347,-59.25133980065408,-58.49325661067264,0.04465536295901071,0.044275008574755116,0.14676725765153725,0.14480360487450883,0.018645682685584468,0.017784427600561363,0.023343409916223457,0.024661661933632405
39,s1_clean,6.336152382937008,2.471138999750724,False,False,False,-55.28046214840188,-56.34898493578432,-46.7635380902565,-50.63289320427133,-55.34143025263718,-58.12243148120848,0.04283456128596045,0.04343258217114951,0.141926400570685,0.14305413146381496,0.017968948647017483,0.018736935163204793,0.027406481489477438,0.026783304133021713
40,s1_clean,6.237110360969902,2.800987646488566,False,False,False,-51.48375167641056,-56.35398882857406,-52.30802011149063,-51.401651212225616,-59.106890528187016,-57.617664625477495,0.044414882861879335,0.0442581952956299,0.12860552094826666,0.12904289637376487,0.0201489518606981,0.02041531543233902,0.029824960646667995,0.02929329115060074
41,s1_clean,6.027973420710303,3.09840759283468,False,False,False,-56.397502546290056,-56.197719477080085,-54.305864314769586,-52.33941688927106,-55.68354127995924,-57.10411198684266,0.04588967174346738,0.04666122788818963,0.11042501330704554,0.10994583104836776,0.022639191281995718,0.022598779148666946,0.0300001149562543,0.03133372277173299
42,s1_clean,5.997073023448079,3.2280332057453927,False,False,False,-57.37805553438589,-56.23795126342887,-49.716726844516195,-52.601160590855265,-57.29604291242461,-56.88959382541363,0.04605201780772906,0.046544840770042305,0.10439735778221973,0.10504442192882447,0.02345555772579603,0.023392765079493567,0.03266487680610758,0.032485057988757775
43,s1_clean,5.977301602080376,3.352058526074975,False,False,False,-58.475064057675056,-56.29676918034525,-52.58266285198452,-52.83036811451302,-56.537852952224824,-56.682523318612596,0.046520125398494226,0.04619579842361788,0.10119051293970882,0.10081284319920826,0.022243064786750196,0.024141592577125105,0.03552961551974598,0.0336760786350245
44,s1_clean,5.902053565295218,3.5870012302182115,False,False,False,-58.01767848106068,-56.36205388422904,-53.175745609993406,-53.33108719810396,-56.5199697876162,-56.26649356818219,0.04726319516392207,0.045988440031485125,0.09198066422605987,0.09157549286691315,0.024343710738719986,0.025839405911883447,0.03520147160098991,0.03587323311102707
45,s1_clean,5.84764723140247,3.748268178695647,False,False,False,-56.700407402168075,-56.413087145680166,-54.965495529228626,-53.67077147373334,-52.13750390592457,-55.9695145534057,0.04728342954532193,0.04574391555515065,0.087164926209074,0.08555004869749962,0.0270453840175771,0.027113781823991975,0.038410703790332026,0.03743937733545494
46,s1_clean,5.7905916990273125,3.9540421895316378,False,False,False,-53.22070423867157,-56.50805389921156,-58.81582210906444,-54.072989865509236,-55.98477253924039,-55.58061524400532,0.045682994102286045,0.04507170981939377,0.0797708819905385,0.0787416088129329,0.030725480934058455,0.028786620872576812,0.03875342248546454,0.03960198477535877
47,s1_clean,5.615192813296309,4.351568926489183,False,False,False,-60.409219684854044,-56.635568031078414,-51.501913936301065,-54.914165550435655,-51.73896260153141,-54.763689646426904,0.044397918894206134,0.04424877538946617,0.064553497234038,0.06571519072943315,0.030967409298170608,0.03291566820193687,0.04241272411857562,0.04348137145898631
48,s1_clean,5.49223566932926,4.551447461998359,False,False,False,-60.97937696101004,-56.673586868054414,-58.17585900115299,-55.36148963965661,-53.297207314803025,-54.31894730799386,0.04410441985130661,0.044042009852288594,0.06078209831088899,0.05952818169328023,0.03599014980022764,0.03560210782426211,0.04650670811358988,0.04508282415612728
49,s1_clean,5.414751159852098,4.694331234614093,False,False,False,-50.54502043335725,-56.72360524236656,-57.59327094689227,-55.65608182307737,-56.09060559927447,-53.99301644409151,0.0427033582092421,0.043630119701955836,0.055261495801994534,0.055732250422025065,0.03852534313825479,0.03761099266720445,0.04590643029655299,0.04627282236785966
50,s1_clean,5.284112641295624,4.985426545029498,False,False,False,-60.09641708878321,-56.879487038270284,-54.05306467730173,-56.19894445025401,-53.73000634134634,-53.303933778920644,0.04292436529007422,0.04219735556128318,0.04886456567327902,0.049288238890404686,0.0409250477161413,0.04188823982381202,0.04868197372392617,0.048867024725106296
51,s1_clean,5.241467849997588,5.146386896673119,False,False,False,-60.35728458037763,-57.00960368325854,-58.95744252159486,-56.45390021135028,-55.02877864871123,-52.90781852280092,0.04018364713638604,0.04097208009345279,0.046110662662957554,0.046491625423244934,0.044995781192457,0.04414967849581747,0.05001808085972695,0.050626227791954914
52,s1_clean,5.312406077942571,5.4188305034477,False,False,False,-56.1292857833473,-57.39304638169261,-53.62571106661632,-56.72162994824191,-53.452873885460804,-52.22476482192134,0.03674309758180444,0.037508763871344976,0.043844455238045976,0.043646083664553706,0.045493874924259214,0.046222532848062846,0.05560016615896845,0.0559109095802534
53,s1_clean,5.348436338770621,5.638406338643498,False,False,False,-59.10302604577497,-57.67299809670995,-55.39741389554758,-56.96405658521009,-46.282067505718615,-51.63504653030655,0.03513772924174768,0.03514935202219424,0.04219330507229777,0.041205184847301186,0.04725429274490168,0.04810201351232166,0.05930666679759289,0.06021225613556071
54,s1_clean,5.403285630073735,5.921849491887416,False,False,False,-61.48773647633679,-58.03583327533168,-56.007576805299834,-57.27095574639234,-49.6228336154265,-50.823682580645624,0.03211636903774337,0.032296344522247195,0.037842917018941,0.03827922781474029,0.051773150269795454,0.05024857312316141,0.06717799297364188,0.06639385408409365
55,s1_clean,5.389714633426687,6.253274443829397,False,False,False,-59.05453150636351,-58.379486406092276,-59.939677346170825,-57.69743883248458,-53.54787847701554,-49.749150766415184,0.02848952672256637,0.029779179530476492,0.03293961712886251,0.034597367543182586,0.05243947254120541,0.05393389672358592,0.07216478061580095,0.07212592680684773
56,s1_clean,5.195285542548939,6.456984202180508,False,False,False,-58.780554440883016,-58.431454608478404,-59.17250832750112,-58.105534918202906,-49.630106455264986,-48.94576862627373,0.027710908484870893,0.029347409395960627,0.03260120970078235,0.03151479184449651,0.05927683443424358,0.0602745598393898,0.06874329380895582,0.07018863435451493
57,s1_clean,4.86183044372369,6.506009930366596,False,False,False,-54.91909635264083,-58.209679762079745,-57.39807502264301,-58.43765116175615,-49.39658022306667,-48.746324025820776,0.03022546308036915,0.030774723838522453,0.030809807986546443,0.029280661700135158,0.06881364027783515,0.06933812686544862,0.062171279466600456,0.06218861193377224
58,s1_clean,4.430966043559735,6.658303038540852,False,False,False,-56.86258900354507,-58.054897613924965,-59.455283969101515,-58.95733184207629,-46.615450692148514,-48.40375332530812,0.02989305909087682,0.0316361757746284,0.025835509611251212,0.02601606348549171,0.08528071947979535,0.08539894419837671,0.054663220620144476,0.05394280323713552
59,s1_clean,4.178500405215754,6.923849404304298,False,False,False,-57.38424220928063,-58.2059791392409,-60.52314651686845,-59.42553651140958,-47.41872163022925,-47.6745687066157,0.029607411553318162,0.030312071593203167,0.023114712599970465,0.023338229323200992,0.1009604324089714,0.10096967112050899,0.05093312654143822,0.05060227009717333
60,s1_clean,3.960394580468616,7.038758843554683,False,False,False,-59.87062224371741,-58.209749969456794,-60.588617625730606,-59.70583581901778,-46.01563604907546,-47.618646994531375,0.03027933612720311,0.030091262953703506,0.022406795277725204,0.021878246293976233,0.11203366185538405,0.11406239352022866,0.04531434721605313,0.047075667743090646
61,s1_clean,3.817436158029557,7.138548197645917,False,False,False,-58.49365100270179,-58.25067881939309,-59.61751390037456,-59.90817349050609,-51.5811932087659,-47.55639888350531,0.03157271668662203,0.02966676647203897,0.020139368674028595,0.020877472715936988,0.1246136803905702,0.1242981289204849,0.047292975520698395,0.044972239648466576
62,s1_clean,3.501130686893392,7.317553093393935,False,False,False,-59.54792796700073,-58.3076618364433,-54.95931662964596,-60.306239107422776,-46.99342146827952,-47.76190162155271,0.027303227505295482,0.028960522088821286,0.018919737464547393,0.01904174476095082,0.14947543780503375,0.14882885562656187,0.04091990699374508,0.0404767204412908
63,s1_clean,3.301420995394072,7.433470647673615,False,False,False,-59.79044763528052,-58.361061833476974,-62.731802333503786,-60.55271883028848,-51.6599410949789,-48.00222452391153,0.029057605619399483,0.028395941743631647,0.019178030024042392,0.017985854791586313,0.16492575366514978,0.16626065497994436,0.036986325058090914,0.03788223147468983
64,s1_clean,2.9801326529816508,7.690884577841307,False,False,False,-57.30682497866114,-58.561725839560225,-63.52874977754706,-60.99373266391024,-49.35243112882452,-48.39247257446526,0.026429949616302118,0.026776036210008153,0.018056193485864562,0.016237658142103612,0.19721768239744672,0.19777650313568826,0.03601522693183287,0.0341359601882076
65,s1_clean,2.8255159655061237,7.887436491509548,False,False,False,-57.36648588817795,-58.761611985724684,-58.243187924921,-61.255036296750674,-47.834284507548325,-48.53265857123603,0.025165140304505236,0.025417233385159513,0.015918965832994226,0.015281828988250675,0.21372962711715618,0.21303124240882332,0.03339507796669786,0.032480233961438516
66,s1_clean,2.7289097443354,8.069919722795287,False,False,False,-59.414846178812354,-58.96459067932891,-57.52232422122782,-61.459919056454765,-48.48410644960022,-48.57786239289453,0.025655599143965993,0.024169047099470393,0.01339804596297864,0.014571244498510424,0.22026672886858992,0.22044892212659278,0.0324987389493253,0.031457144063884855
67,s1_clean,2.632696225741202,8.126714841624567,False,False,False,-58.674211475206825,-59.00793971800063,-63.629595517437885,-61.56688517117527,-49.42513075318758,-48.84309886371396,0.02478560713344891,0.02384532628118941,0.013271820978600711,0.014215735387667187,0.22597662315520148,0.22643075658982711,0.03041976063282824,0.03046550704687866
68,s1_clean,2.546782184357937,8.26682174955117,False,False,False,-56.86636672347685,-59.161263515461386,-60.24028741174953,-61.72725792691363,-46.27088372934956,-48.98290305741263,0.023374701814904968,0.0229505051987066,0.01375550090834054,0.013696633920984755,0.22790358118536028,0.2288243329040331,0.027276140629718445,0.029578116915045412
69,s1_clean,2.27418996039954,8.37225686434336,False,False,False,-57.3202931342827,-59.227826847612114,-61.56903232767439,-61.98021436998236,-49.09891791745795,-49.82777942699667,0.021562306740978723,0.02238095908523173,0.011046496357990368,0.012921472901129182,0.2367289801441832,0.23731800425991112,0.026577800419261825,0.027083040770234223
70,s1_clean,1.983341499407463,8.675376081434486,False,False,False,-59.91889520293224,-59.549968747036445,-60.23965538568129,-62.37406623452483,-49.77986550908634,-50.60457787408181,0.020316625652287208,0.02059268916938241,0.00929938418693277,0.011797903052181273,0.2229567200088415,0.22439585224140887,0.023775243017456305,0.024596426528894107
71,s1_clean,1.744329000013852,8.930180832821591,False,False,False,-62.74741971205689,-59.82612998708067,-59.769910043474546,-62.68974711038547,-51.45193146690311,-51.280287815120026,0.018829159897965256,0.01919652041014296,0.011070104327616338,0.010969624163000166,0.2028435277565994,0.20281490695365229,0.02213857084131257,0.02272796694175384
72,s1_clean,1.602113947159951,9.055786330292069,False,False,False,-57.96808006387196,-59.96098852967751,-62.74537081294567,-62.85601795476342,-49.72261560471879,-51.68788136559964,0.018888032944740445,0.01853828099557289,0.010576638285174406,0.01055775938815454,0.18788111950756087,0.18964543199866712,0.021220371733577097,0.021716643926218734
73,s1_clean,1.462387084551268,9.271459793115136,False,False,False,-61.15802557485352,-60.201713079931636,-64.20887327925685,-63.07489348935775,-51.09050611244978,-52.09967419180144,0.018752999957061534,0.017493785936596347,0.00812208541104374,0.010038698161971341,0.1709115808752286,0.16932972506354524,0.019547126855895967,0.020679532482326825
74,s1_clean,1.3677759205754576,9.345398044743108,False,False,False,-60.34474449191468,-60.28110412426838,-61.78951210529501,-63.17544574043953,-54.886132128764096,-52.36680256454994,0.0173994467940885,0.017136615579419714,0.010687813782312795,0.0098095698924843,0.1615464468128289,0.16103569954530475,0.01891828338991845,0.02008173582224896
75,s1_clean,1.193435864873341,9.539142135458723,False,False,False,-61.60998089051562,-60.493564153719845,-62.429248226468815,-63.393137328984054,-50.552370239156836,-52.86661424217649,0.01434735470105687,0.01626301594308691,0.008182795001438684,0.009331145413016453,0.14274651275452493,0.1424602036062967,0.017733154427525856,0.018975953615864533
76,s1_clean,1.150518127759666,9.753199891650477,False,False,False,-62.32251769487209,-60.72908301553129,-64.06569693734859,-63.54672471305056,-53.31374971454059,-53.05832735656179,0.012996759054314681,0.015424070629224983,0.007515836474434962,0.00900677675014435,0.12753374053548264,0.12828194423348258,0.018253353252872105,0.018522253229644514
77,s1_clean,1.0200771388428047,9.32054069697821,False,False,False,-60.38874698106952,-60.243361895843734,-64.79165527936769,-63.35915459491588,-53.518522938185406,-53.22813036682521,0.017895451069883835,0.0170792545133985,0.009707056462321322,0.009406484746943028,0.1500560276093815,0.14916297466318232,0.01768371600530749,0.01836103831381048
78,s1_clean,1.0163167110460578,8.891589654872902,False,False,False,-58.282578637716526,-59.73763930868283,-61.20513916699218,-63.10469722977392,-53.540595517768935,-53.2098023013412,0.017988265393720237,0.01906154639949284,0.010365373648007147,0.009973486458508825,0.17563469146170294,0.1735338365646803,0.0193109066134494,0.018668292015206738
79,s1_clean,0.924713747694749,8.59768007556741,False,False,False,-59.3007431221001,-59.37545110599645,-65.46781699438762,-62.9864306354116,-53.97331381191766,-53.46981222975235,0.019543610137795694,0.02053994465621097,0.010698711227014731,0.010247050450071049,0.18119449982024394,0.18137424371857458,0.017743921855606755,0.018376645025247287
80,s1_clean,0.8587932848384436,8.309492250468066,False,False,False,-58.302571198290465,-59.00730113108425,-62.707142562411846,-62.85935188122764,-52.213942490805636,-53.70779821238895,0.021599277554745923,0.02216702867277515,0.011113244301772695,0.0105477971213887,0.1845674764799774,0.18524905426218655,0.018495529339486644,0.018151251869114333
81,s1_clean,0.81627749478909,8.156860831751935,False,False,False,-57.84697700936264,-58.8070437110578,-64.51407847435469,-62.79854856454284,-53.115507532401,-53.864568198265346,0.023704617093637918,0.023090350504243237,0.012237766234478299,0.010693722716670335,0.18486952465109452,0.18430447295436583,0.017851781037457035,0.01797575899973697
82,s1_clean,0.7791067822290139,7.720868059364907,False,False,False,-58.83337824085916,-58.20851583774201,-62.44547845493173,-62.57341563763078,-55.19942288097509,-54.17863586853011,0.026831133821440763,0.02616505698585389,0.011531364734000696,0.011252437954107136,0.1792351237469222,0.17958173974243155,0.016518466749192707,0.017787513159560182
83,s1_clean,0.7725832732667287,7.601013716381842,False,False,False,-56.41110488572142,-58.03710083975666,-62.28254608917151,-62.509891401255516,-54.331179233399226,-54.27011976568141,0.028087556702742204,0.027116506756012987,0.011687786735712025,0.01141462507970311,0.17678011060333687,0.17649939265855139,0.018037829801681463,0.017732149380609154
84,s1_clean,0.7627039962883997,7.197470289024447,False,False,False,-55.9577437623589,-57.435716568850914,-66.77488898967692,-62.29014361066694,-55.68139951496941,-54.59054861427089,0.030472897224955588,0.030727064910469663,0.011594368083917646,0.011991536251309247,0.1622386955562908,0.16194449114127638,0.017438027674179908,0.017536934903527764
85,s1_clean,0.7476353326675488,6.81635623556896,False,False,False,-59.032788283380135,-56.83130707042788,-61.8068737974841,-62.09139362029503,-55.49314176132105,-54.947937526653945,0.03683606310345208,0.03476361911660889,0.013805053829701411,0.012532257929164558,0.1450955000966198,0.14348376060525728,0.01745424728494642,0.017242031585600823
86,s1_clean,0.9137967078421534,6.526476621576835,False,False,False,-57.004525351088006,-56.33502560288269,-60.328306352876176,-61.80143054079029,-57.99976782543944,-54.940503776927855,0.03936695052309298,0.038957758114350795,0.012994960700554142,0.013386295281880213,0.13455622676555476,0.13603390121842757,0.018610682549371583,0.017735040823987837
87,s1_clean,0.9814448940362952,6.408314414612691,False,False,False,-56.40237258960524,-56.12741872549437,-59.282658739861894,-61.681333145941124,-55.13546596584707,-54.95101265571793,0.040232566010644,0.04086521386623447,0.011188606680937843,0.013756416176688714,0.1325885214492602,0.13208438727886432,0.017642888705725696,0.01792320947856286
88,s1_clean,0.9671035937632008,6.25639909336203,False,False,False,-53.12129266233145,-55.85533040420012,-56.52680341684524,-61.609819707265714,-58.76215395540003,-55.14066001670635,0.04437364896582003,0.04313355209661766,0.012094917225697992,0.013970662845271823,0.12320686151551323,0.12334990046550039,0.016604146640813017,0.01769855871981707
89,s1_clean,0.8389880226292726,6.148385963144225,False,False,False,-59.30241397399524,-55.661434382591835,-61.45928400439386,-61.65885669591661,-58.08173835053908,-55.46176280157073,0.0444344542184742,0.04433202844759474,0.014031512324614184,0.013795158710147684,0.1140025801749076,0.11394163200309868,0.016190805886721494,0.017033289172452525
90,s1_clean,0.7861139584550364,6.029557626249291,False,False,False,-56.55030518298488,-55.44228691799266,-61.43577439164718,-61.64119339068856,-56.29491439773765,-55.67017006835079,0.045402058125649424,0.046059910894583014,0.013358405142398085,0.01383556690541609,0.10847411272095671,0.10688142742203817,0.014571160811336952,0.01668814013970554
91,s1_clean,0.5294466000344179,5.720236711904748,False,False,False,-55.465587461851676,-54.87444402567631,-61.805278794605734,-61.705977005473216,-53.47085263275665,-56.365161289566274,0.05033729666197699,0.049993279666493605,0.01437052564706176,0.013577856167616649,0.0896130659937513,0.08802934724429916,0.015665285965966544,0.015383079738746364
92,s1_clean,0.3293247936064994,5.560327763194732,False,False,False,-55.72001905954157,-54.60013766152264,-62.416211119629615,-61.80384872695946,-57.14311875060694,-56.79634621896375,0.05167669605846663,0.0513687474323659,0.013760184455880502,0.013242368519433891,0.07903083529748715,0.07847349423846378,0.014556247634377718,0.014536730657983719
93,s1_clean,0.6891556094303306,5.713873939695236,False,False,False,-52.47630631361583,-54.835043557463045,-61.986851393362414,-61.56469410701988,-54.58267105567703,-56.14889552340601,0.05070765235739879,0.05125268571084167,0.01511230216561715,0.014036800633907186,0.0923962904910895,0.09136854695130738,0.016333348713927796,0.015955371405072458
94,s1_clean,1.0477753389991804,5.908021820551629,False,False,False,-56.441940702035104,-55.20039530551158,-59.0205189708805,-61.35260961883172,-56.161775194169834,-55.411690548153224,0.04952770592406307,0.04955556990301132,0.015390350794555387,0.014791572917762471,0.10540687693703665,0.10772258344234192,0.01779622915099921,0.017633636377409657
95,s1_clean,1.1737333040654978,5.864498848416995,False,False,False,-57.2860757955546,-55.12092792708135,-63.38692755801133,-61.21876101059183,-57.965268907537265,-55.27530247477116,0.04954381226120588,0.050976017409252325,0.014527269598907771,0.015259657953645277,0.1096991048457936,0.1081890238928665,0.01754110857267449,0.018129643647599114
96,s1_clean,1.47036086082882,5.76071034330818,False,False,False,-53.090834795382946,-54.955185815313534,-60.460682287640495,-60.89560792914796,-57.637395889395535,-54.96889058041366,0.05490874079836433,0.05427862112818988,0.015679273076898245,0.016453016142349796,0.10706633483457206,0.10758546623723081,0.02276073841536739,0.019360857267850796
97,s1_clean,1.73897566506975,5.580146044809712,False,False,False,-56.326603217863436,-54.662113493146784,-59.59058358782119,-60.54215612022716,-55.37909671550264,-54.83770766163239,0.059523736451781405,0.05922213126241944,0.016621598972000703,0.017851445879074945,0.10173877169746957,0.10076757820484275,0.0214621184081478,0.020384816872747156
98,s1_clean,1.9510251970162544,5.5131699721219976,False,False,False,-53.52125561618545,-54.60615030281766,-60.12281471790417,-60.299949777001885,-56.354694400463444,-54.64664247481295,0.06264761098821592,0.06118168090756016,0.0180233266072371,0.018891999558578794,0.0988672321305979,0.09816700488435944,0.020150967281142594,0.02137920695210281
99,s1_clean,2.1646829484831067,5.499706273056468,False,False,False,-52.08639460563674,-54.67984111859415,-59.76977230751117,-60.08460594294357,-52.98201673980824,-54.38035654896574,0.059498623234120744,0.06144368901088391,0.01876127230783803,0.01988116270015398,0.09742048704501403,0.097289616412893,0.021613797991878268,0.022572143713664304
