sample_id,timestamp,device,scenario,distance_m,position_id,blockage,light_value,unit,notes
1,2026-05-31 16:10:01,iphone 17,light_physical_sanity,1.0,P1,unblocked,600.0,lux_app_estimate,app=Light Meter LM-3000; source=LED Room Light; rep=1
2,2026-05-31 16:10:05,iphone 17,light_physical_sanity,1.0,P1,unblocked,650.0,lux_app_estimate,app=Light Meter LM-3000; source=LED Room Light; rep=2
3,2026-05-31 16:10:08,iphone 17,light_physical_sanity,1.0,P1,unblocked,800.0,lux_app_estimate,app=Light Meter LM-3000; source=LED Room Light; rep=3
4,2026-05-31 16:10:16,iphone 17,light_physical_sanity,1.0,P1,unblocked,534.0,lux_app_estimate,app=Light Meter LM-3000; source=LED Room Light; rep=4
5,2026-05-31 16:10:20,iphone 17,light_physical_sanity,1.0,P1,unblocked,596.0,lux_app_estimate,app=Light Meter LM-3000; source=LED Room Light; rep=5
6,2026-05-31 16:10:26,iphone 17,light_physical_sanity,1.0,P1,unblocked,512.0,lux_app_estimate,app=Light Meter LM-3000; source=LED Room Light; rep=6
7,2026-05-31 16:10:28,iphone 17,light_physical_sanity,1.0,P1,unblocked,600.0,lux_app_estimate,app=Light Meter LM-3000; source=LED Room Light; rep=7
8,2026-05-31 16:10:31,iphone 17,light_physical_sanity,1.0,P1,unblocked,610.0,lux_app_estimate,app=Light Meter LM-3000; source=LED Room Light; rep=8
9,2026-05-31 16:10:36,iphone 17,light_physical_sanity,1.0,P1,unblocked,670.0,lux_app_estimate,app=Light Meter LM-3000; source=LED Room Light; rep=9
10,2026-05-31 16:10:39,iphone 17,light_physical_sanity,1.0,P1,unblocked,705.0,lux_app_estimate,app=Light Meter LM-3000; source=LED Room Light; rep=10
11,2026-05-31 16:11:06,iphone 17,light_physical_sanity,2.0,P2,unblocked,410.0,lux_app_estimate,app=Light Meter LM-3000; source=LED Room Light; rep=1
12,2026-05-31 16:11:08,iphone 17,light_physical_sanity,2.0,P2,unblocked,493.0,lux_app_estimate,app=Light Meter LM-3000; source=LED Room Light; rep=2
13,2026-05-31 16:11:11,iphone 17,light_physical_sanity,2.0,P2,unblocked,511.0,lux_app_estimate,app=Light Meter LM-3000; source=LED Room Light; rep=3
14,2026-05-31 16:11:15,iphone 17,light_physical_sanity,2.0,P2,unblocked,369.0,lux_app_estimate,app=Light Meter LM-3000; source=LED Room Light; rep=4
15,2026-05-31 16:11:18,iphone 17,light_physical_sanity,2.0,P2,unblocked,347.0,lux_app_estimate,app=Light Meter LM-3000; source=LED Room Light; rep=5
16,2026-05-31 16:11:24,iphone 17,light_physical_sanity,2.0,P2,unblocked,369.0,lux_app_estimate,app=Light Meter LM-3000; source=LED Room Light; rep=6
17,2026-05-31 16:11:27,iphone 17,light_physical_sanity,2.0,P2,unblocked,489.0,lux_app_estimate,app=Light Meter LM-3000; source=LED Room Light; rep=7
18,2026-05-31 16:11:31,iphone 17,light_physical_sanity,2.0,P2,unblocked,579.0,lux_app_estimate,app=Light Meter LM-3000; source=LED Room Light; rep=8
19,2026-05-31 16:11:34,iphone 17,light_physical_sanity,2.0,P2,unblocked,513.0,lux_app_estimate,app=Light Meter LM-3000; source=LED Room Light; rep=9
20,2026-05-31 16:11:38,iphone 17,light_physical_sanity,2.0,P2,unblocked,546.0,lux_app_estimate,app=Light Meter LM-3000; source=LED Room Light; rep=10
21,2026-05-31 16:12:07,iphone 17,light_physical_sanity,3.0,P3,unblocked,354.0,lux_app_estimate,app=Light Meter LM-3000; source=LED Room Light; rep=1
22,2026-05-31 16:12:09,iphone 17,light_physical_sanity,3.0,P3,unblocked,312.0,lux_app_estimate,app=Light Meter LM-3000; source=LED Room Light; rep=2
23,2026-05-31 16:12:10,iphone 17,light_physical_sanity,3.0,P3,unblocked,405.0,lux_app_estimate,app=Light Meter LM-3000; source=LED Room Light; rep=3
24,2026-05-31 16:12:12,iphone 17,light_physical_sanity,3.0,P3,unblocked,339.0,lux_app_estimate,app=Light Meter LM-3000; source=LED Room Light; rep=4
25,2026-05-31 16:12:13,iphone 17,light_physical_sanity,3.0,P3,unblocked,374.0,lux_app_estimate,app=Light Meter LM-3000; source=LED Room Light; rep=5
26,2026-05-31 16:12:16,iphone 17,light_physical_sanity,3.0,P3,unblocked,315.0,lux_app_estimate,app=Light Meter LM-3000; source=LED Room Light; rep=6
27,2026-05-31 16:12:20,iphone 17,light_physical_sanity,3.0,P3,unblocked,287.0,lux_app_estimate,app=Light Meter LM-3000; source=LED Room Light; rep=7
28,2026-05-31 16:12:24,iphone 17,light_physical_sanity,3.0,P3,unblocked,354.0,lux_app_estimate,app=Light Meter LM-3000; source=LED Room Light; rep=8
29,2026-05-31 16:12:27,iphone 17,light_physical_sanity,3.0,P3,unblocked,369.0,lux_app_estimate,app=Light Meter LM-3000; source=LED Room Light; rep=9
30,2026-05-31 16:12:28,iphone 17,light_physical_sanity,3.0,P3,unblocked,354.0,lux_app_estimate,app=Light Meter LM-3000; source=LED Room Light; rep=10
31,2026-05-31 16:44:17,iphone 17,light_physical_sanity,4.0,P4,unblocked,290.0,lux_app_estimate,app=Light Meter LM-3000; source=LED Room Light; rep=1
32,2026-05-31 16:44:19,iphone 17,light_physical_sanity,4.0,P4,unblocked,294.0,lux_app_estimate,app=Light Meter LM-3000; source=LED Room Light; rep=2
33,2026-05-31 16:44:20,iphone 17,light_physical_sanity,4.0,P4,unblocked,310.0,lux_app_estimate,app=Light Meter LM-3000; source=LED Room Light; rep=3
34,2026-05-31 16:44:21,iphone 17,light_physical_sanity,4.0,P4,unblocked,350.0,lux_app_estimate,app=Light Meter LM-3000; source=LED Room Light; rep=4
35,2026-05-31 16:44:26,iphone 17,light_physical_sanity,4.0,P4,unblocked,245.0,lux_app_estimate,app=Light Meter LM-3000; source=LED Room Light; rep=5
36,2026-05-31 16:44:29,iphone 17,light_physical_sanity,4.0,P4,unblocked,260.0,lux_app_estimate,app=Light Meter LM-3000; source=LED Room Light; rep=6
37,2026-05-31 16:44:31,iphone 17,light_physical_sanity,4.0,P4,unblocked,365.0,lux_app_estimate,app=Light Meter LM-3000; source=LED Room Light; rep=7
38,2026-05-31 16:44:33,iphone 17,light_physical_sanity,4.0,P4,unblocked,320.0,lux_app_estimate,app=Light Meter LM-3000; source=LED Room Light; rep=8
39,2026-05-31 16:44:38,iphone 17,light_physical_sanity,4.0,P4,unblocked,301.0,lux_app_estimate,app=Light Meter LM-3000; source=LED Room Light; rep=9
40,2026-05-31 16:44:43,iphone 17,light_physical_sanity,4.0,P4,unblocked,291.0,lux_app_estimate,app=Light Meter LM-3000; source=LED Room Light; rep=10
41,2026-05-31 16:45:00,iphone 17,light_physical_sanity,5.0,P5,unblocked,165.0,lux_app_estimate,app=Light Meter LM-3000; source=LED Room Light; rep=1
42,2026-05-31 16:45:02,iphone 17,light_physical_sanity,5.0,P5,unblocked,169.0,lux_app_estimate,app=Light Meter LM-3000; source=LED Room Light; rep=2
43,2026-05-31 16:45:04,iphone 17,light_physical_sanity,5.0,P5,unblocked,130.0,lux_app_estimate,app=Light Meter LM-3000; source=LED Room Light; rep=3
44,2026-05-31 16:45:08,iphone 17,light_physical_sanity,5.0,P5,unblocked,1778.0,lux_app_estimate,app=Light Meter LM-3000; source=LED Room Light; rep=4
45,2026-05-31 16:45:12,iphone 17,light_physical_sanity,5.0,P5,unblocked,210.0,lux_app_estimate,app=Light Meter LM-3000; source=LED Room Light; rep=5
46,2026-05-31 16:45:16,iphone 17,light_physical_sanity,5.0,P5,unblocked,200.0,lux_app_estimate,app=Light Meter LM-3000; source=LED Room Light; rep=6
47,2026-05-31 16:45:18,iphone 17,light_physical_sanity,5.0,P5,unblocked,193.0,lux_app_estimate,app=Light Meter LM-3000; source=LED Room Light; rep=7
48,2026-05-31 16:45:22,iphone 17,light_physical_sanity,5.0,P5,unblocked,194.0,lux_app_estimate,app=Light Meter LM-3000; source=LED Room Light; rep=8
49,2026-05-31 16:45:25,iphone 17,light_physical_sanity,5.0,P5,unblocked,157.0,lux_app_estimate,app=Light Meter LM-3000; source=LED Room Light; rep=9
50,2026-05-31 16:45:28,iphone 17,light_physical_sanity,5.0,P5,unblocked,165.0,lux_app_estimate,app=Light Meter LM-3000; source=LED Room Light; rep=10
51,2026-05-31 16:46:11,iphone 17,light_physical_sanity,6.0,P6,unblocked,110.0,lux_app_estimate,app=Light Meter LM-3000; source=LED Room Light; rep=1
52,2026-05-31 16:46:12,iphone 17,light_physical_sanity,6.0,P6,unblocked,136.0,lux_app_estimate,app=Light Meter LM-3000; source=LED Room Light; rep=2
53,2026-05-31 16:46:14,iphone 17,light_physical_sanity,6.0,P6,unblocked,145.0,lux_app_estimate,app=Light Meter LM-3000; source=LED Room Light; rep=3
54,2026-05-31 16:46:15,iphone 17,light_physical_sanity,6.0,P6,unblocked,301.0,lux_app_estimate,app=Light Meter LM-3000; source=LED Room Light; rep=4
55,2026-05-31 16:46:17,iphone 17,light_physical_sanity,6.0,P6,unblocked,168.0,lux_app_estimate,app=Light Meter LM-3000; source=LED Room Light; rep=5
56,2026-05-31 16:46:22,iphone 17,light_physical_sanity,6.0,P6,unblocked,111.0,lux_app_estimate,app=Light Meter LM-3000; source=LED Room Light; rep=6
57,2026-05-31 16:46:24,iphone 17,light_physical_sanity,6.0,P6,unblocked,95.0,lux_app_estimate,app=Light Meter LM-3000; source=LED Room Light; rep=7
58,2026-05-31 16:46:28,iphone 17,light_physical_sanity,6.0,P6,unblocked,169.0,lux_app_estimate,app=Light Meter LM-3000; source=LED Room Light; rep=8
59,2026-05-31 16:46:30,iphone 17,light_physical_sanity,6.0,P6,unblocked,170.0,lux_app_estimate,app=Light Meter LM-3000; source=LED Room Light; rep=9
60,2026-05-31 16:46:33,iphone 17,light_physical_sanity,6.0,P6,unblocked,146.0,lux_app_estimate,app=Light Meter LM-3000; source=LED Room Light; rep=10
61,2026-05-31 16:46:39,iphone 17,light_physical_sanity,7.0,P7,unblocked,86.0,lux_app_estimate,app=Light Meter LM-3000; source=LED Room Light; rep=1
62,2026-05-31 16:46:44,iphone 17,light_physical_sanity,7.0,P7,unblocked,109.0,lux_app_estimate,app=Light Meter LM-3000; source=LED Room Light; rep=2
63,2026-05-31 16:46:46,iphone 17,light_physical_sanity,7.0,P7,unblocked,178.0,lux_app_estimate,app=Light Meter LM-3000; source=LED Room Light; rep=3
64,2026-05-31 16:46:48,iphone 17,light_physical_sanity,7.0,P7,unblocked,201.0,lux_app_estimate,app=Light Meter LM-3000; source=LED Room Light; rep=4
65,2026-05-31 16:46:50,iphone 17,light_physical_sanity,7.0,P7,unblocked,87.0,lux_app_estimate,app=Light Meter LM-3000; source=LED Room Light; rep=5
66,2026-05-31 16:46:51,iphone 17,light_physical_sanity,7.0,P7,unblocked,85.0,lux_app_estimate,app=Light Meter LM-3000; source=LED Room Light; rep=6
67,2026-05-31 16:46:53,iphone 17,light_physical_sanity,7.0,P7,unblocked,65.0,lux_app_estimate,app=Light Meter LM-3000; source=LED Room Light; rep=7
68,2026-05-31 16:46:55,iphone 17,light_physical_sanity,7.0,P7,unblocked,101.0,lux_app_estimate,app=Light Meter LM-3000; source=LED Room Light; rep=8
69,2026-05-31 16:46:59,iphone 17,light_physical_sanity,7.0,P7,unblocked,99.0,lux_app_estimate,app=Light Meter LM-3000; source=LED Room Light; rep=9
70,2026-05-31 16:47:03,iphone 17,light_physical_sanity,7.0,P7,unblocked,87.0,lux_app_estimate,app=Light Meter LM-3000; source=LED Room Light; rep=10
71,2026-05-31 16:47:09,iphone 17,light_physical_sanity,8.0,P8,unblocked,86.0,lux_app_estimate,app=Light Meter LM-3000; source=LED Room Light; rep=1
72,2026-05-31 16:47:10,iphone 17,light_physical_sanity,8.0,P8,unblocked,54.0,lux_app_estimate,app=Light Meter LM-3000; source=LED Room Light; rep=2
73,2026-05-31 16:47:11,iphone 17,light_physical_sanity,8.0,P8,unblocked,52.0,lux_app_estimate,app=Light Meter LM-3000; source=LED Room Light; rep=3
74,2026-05-31 16:47:12,iphone 17,light_physical_sanity,8.0,P8,unblocked,69.0,lux_app_estimate,app=Light Meter LM-3000; source=LED Room Light; rep=4
75,2026-05-31 16:47:13,iphone 17,light_physical_sanity,8.0,P8,unblocked,63.0,lux_app_estimate,app=Light Meter LM-3000; source=LED Room Light; rep=5
76,2026-05-31 16:47:15,iphone 17,light_physical_sanity,8.0,P8,unblocked,74.0,lux_app_estimate,app=Light Meter LM-3000; source=LED Room Light; rep=6
77,2026-05-31 16:47:18,iphone 17,light_physical_sanity,8.0,P8,unblocked,76.0,lux_app_estimate,app=Light Meter LM-3000; source=LED Room Light; rep=7
78,2026-05-31 16:47:31,iphone 17,light_physical_sanity,8.0,P8,unblocked,99.0,lux_app_estimate,app=Light Meter LM-3000; source=LED Room Light; rep=8
79,2026-05-31 16:47:33,iphone 17,light_physical_sanity,8.0,P8,unblocked,103.0,lux_app_estimate,app=Light Meter LM-3000; source=LED Room Light; rep=9
80,2026-05-31 16:47:37,iphone 17,light_physical_sanity,8.0,P8,unblocked,203.0,lux_app_estimate,app=Light Meter LM-3000; source=LED Room Light; rep=10
81,2026-05-31 16:47:41,iphone 17,light_physical_sanity,9.0,P9,unblocked,58.0,lux_app_estimate,app=Light Meter LM-3000; source=LED Room Light; rep=1
82,2026-05-31 16:47:44,iphone 17,light_physical_sanity,9.0,P9,unblocked,41.0,lux_app_estimate,app=Light Meter LM-3000; source=LED Room Light; rep=2
83,2026-05-31 16:47:46,iphone 17,light_physical_sanity,9.0,P9,unblocked,26.0,lux_app_estimate,app=Light Meter LM-3000; source=LED Room Light; rep=3
84,2026-05-31 16:47:48,iphone 17,light_physical_sanity,9.0,P9,unblocked,54.0,lux_app_estimate,app=Light Meter LM-3000; source=LED Room Light; rep=4
85,2026-05-31 16:47:49,iphone 17,light_physical_sanity,9.0,P9,unblocked,96.0,lux_app_estimate,app=Light Meter LM-3000; source=LED Room Light; rep=5
86,2026-05-31 16:47:51,iphone 17,light_physical_sanity,9.0,P9,unblocked,57.0,lux_app_estimate,app=Light Meter LM-3000; source=LED Room Light; rep=6
87,2026-05-31 16:47:52,iphone 17,light_physical_sanity,9.0,P9,unblocked,85.0,lux_app_estimate,app=Light Meter LM-3000; source=LED Room Light; rep=7
88,2026-05-31 16:47:54,iphone 17,light_physical_sanity,9.0,P9,unblocked,53.0,lux_app_estimate,app=Light Meter LM-3000; source=LED Room Light; rep=8
89,2026-05-31 16:47:56,iphone 17,light_physical_sanity,9.0,P9,unblocked,58.0,lux_app_estimate,app=Light Meter LM-3000; source=LED Room Light; rep=9
90,2026-05-31 16:48:02,iphone 17,light_physical_sanity,9.0,P9,unblocked,39.0,lux_app_estimate,app=Light Meter LM-3000; source=LED Room Light; rep=10
91,2026-05-31 16:48:06,iphone 17,light_physical_sanity,10.0,P10,unblocked,36.0,lux_app_estimate,app=Light Meter LM-3000; source=LED Room Light; rep=1
92,2026-05-31 16:48:08,iphone 17,light_physical_sanity,10.0,P10,unblocked,45.0,lux_app_estimate,app=Light Meter LM-3000; source=LED Room Light; rep=2
93,2026-05-31 16:48:09,iphone 17,light_physical_sanity,10.0,P10,unblocked,49.0,lux_app_estimate,app=Light Meter LM-3000; source=LED Room Light; rep=3
94,2026-05-31 16:48:10,iphone 17,light_physical_sanity,10.0,P10,unblocked,46.0,lux_app_estimate,app=Light Meter LM-3000; source=LED Room Light; rep=4
95,2026-05-31 16:48:12,iphone 17,light_physical_sanity,10.0,P10,unblocked,47.0,lux_app_estimate,app=Light Meter LM-3000; source=LED Room Light; rep=5
96,2026-05-31 16:48:13,iphone 17,light_physical_sanity,10.0,P10,unblocked,52.0,lux_app_estimate,app=Light Meter LM-3000; source=LED Room Light; rep=6
97,2026-05-31 16:48:16,iphone 17,light_physical_sanity,10.0,P10,unblocked,19.0,lux_app_estimate,app=Light Meter LM-3000; source=LED Room Light; rep=7
98,2026-05-31 16:48:18,iphone 17,light_physical_sanity,10.0,P10,unblocked,26.0,lux_app_estimate,app=Light Meter LM-3000; source=LED Room Light; rep=8
99,2026-05-31 16:48:20,iphone 17,light_physical_sanity,10.0,P10,unblocked,18.0,lux_app_estimate,app=Light Meter LM-3000; source=LED Room Light; rep=9
100,2026-05-31 16:48:23,iphone 17,light_physical_sanity,10.0,P10,unblocked,53.0,lux_app_estimate,app=Light Meter LM-3000; source=LED Room Light; rep=10
101,2026-05-31 16:52:33,iphone 17,light_physical_sanity,1.0,P1,blocked,15.0,lux_app_estimate,app=Light Meter LM-3000; source=LED Room Light; rep=1
102,2026-05-31 16:52:37,iphone 17,light_physical_sanity,1.0,P1,blocked,14.5,lux_app_estimate,app=Light Meter LM-3000; source=LED Room Light; rep=2
103,2026-05-31 16:52:40,iphone 17,light_physical_sanity,1.0,P1,blocked,14.39,lux_app_estimate,app=Light Meter LM-3000; source=LED Room Light; rep=3
104,2026-05-31 16:52:44,iphone 17,light_physical_sanity,1.0,P1,blocked,16.9,lux_app_estimate,app=Light Meter LM-3000; source=LED Room Light; rep=4
105,2026-05-31 16:52:48,iphone 17,light_physical_sanity,1.0,P1,blocked,15.3,lux_app_estimate,app=Light Meter LM-3000; source=LED Room Light; rep=5
106,2026-05-31 16:52:51,iphone 17,light_physical_sanity,1.0,P1,blocked,15.69,lux_app_estimate,app=Light Meter LM-3000; source=LED Room Light; rep=6
107,2026-05-31 16:52:55,iphone 17,light_physical_sanity,1.0,P1,blocked,14.32,lux_app_estimate,app=Light Meter LM-3000; source=LED Room Light; rep=7
108,2026-05-31 16:52:58,iphone 17,light_physical_sanity,1.0,P1,blocked,13.9,lux_app_estimate,app=Light Meter LM-3000; source=LED Room Light; rep=8
109,2026-05-31 16:53:05,iphone 17,light_physical_sanity,1.0,P1,blocked,12.7,lux_app_estimate,app=Light Meter LM-3000; source=LED Room Light; rep=9
110,2026-05-31 16:53:08,iphone 17,light_physical_sanity,1.0,P1,blocked,15.6,lux_app_estimate,app=Light Meter LM-3000; source=LED Room Light; rep=10
111,2026-05-31 16:53:17,iphone 17,light_physical_sanity,2.0,P2,blocked,15.78,lux_app_estimate,app=Light Meter LM-3000; source=LED Room Light; rep=1
112,2026-05-31 16:53:20,iphone 17,light_physical_sanity,2.0,P2,blocked,15.69,lux_app_estimate,app=Light Meter LM-3000; source=LED Room Light; rep=2
113,2026-05-31 16:53:24,iphone 17,light_physical_sanity,2.0,P2,blocked,12.67,lux_app_estimate,app=Light Meter LM-3000; source=LED Room Light; rep=3
114,2026-05-31 16:53:26,iphone 17,light_physical_sanity,2.0,P2,blocked,12.6,lux_app_estimate,app=Light Meter LM-3000; source=LED Room Light; rep=4
115,2026-05-31 16:53:29,iphone 17,light_physical_sanity,2.0,P2,blocked,12.4,lux_app_estimate,app=Light Meter LM-3000; source=LED Room Light; rep=5
116,2026-05-31 16:53:31,iphone 17,light_physical_sanity,2.0,P2,blocked,11.2,lux_app_estimate,app=Light Meter LM-3000; source=LED Room Light; rep=6
117,2026-05-31 16:53:33,iphone 17,light_physical_sanity,2.0,P2,blocked,11.0,lux_app_estimate,app=Light Meter LM-3000; source=LED Room Light; rep=7
118,2026-05-31 16:53:36,iphone 17,light_physical_sanity,2.0,P2,blocked,10.9,lux_app_estimate,app=Light Meter LM-3000; source=LED Room Light; rep=8
119,2026-05-31 16:53:39,iphone 17,light_physical_sanity,2.0,P2,blocked,12.9,lux_app_estimate,app=Light Meter LM-3000; source=LED Room Light; rep=9
120,2026-05-31 16:53:41,iphone 17,light_physical_sanity,2.0,P2,blocked,13.6,lux_app_estimate,app=Light Meter LM-3000; source=LED Room Light; rep=10
121,2026-05-31 16:53:51,iphone 17,light_physical_sanity,3.0,P3,blocked,11.45,lux_app_estimate,app=Light Meter LM-3000; source=LED Room Light; rep=1
122,2026-05-31 16:53:53,iphone 17,light_physical_sanity,3.0,P3,blocked,10.25,lux_app_estimate,app=Light Meter LM-3000; source=LED Room Light; rep=2
123,2026-05-31 16:53:54,iphone 17,light_physical_sanity,3.0,P3,blocked,10.0,lux_app_estimate,app=Light Meter LM-3000; source=LED Room Light; rep=3
124,2026-05-31 16:53:56,iphone 17,light_physical_sanity,3.0,P3,blocked,10.0,lux_app_estimate,app=Light Meter LM-3000; source=LED Room Light; rep=4
125,2026-05-31 16:53:58,iphone 17,light_physical_sanity,3.0,P3,blocked,10.9,lux_app_estimate,app=Light Meter LM-3000; source=LED Room Light; rep=5
126,2026-05-31 16:54:00,iphone 17,light_physical_sanity,3.0,P3,blocked,14.0,lux_app_estimate,app=Light Meter LM-3000; source=LED Room Light; rep=6
127,2026-05-31 16:54:04,iphone 17,light_physical_sanity,3.0,P3,blocked,10.0,lux_app_estimate,app=Light Meter LM-3000; source=LED Room Light; rep=7
128,2026-05-31 16:54:06,iphone 17,light_physical_sanity,3.0,P3,blocked,10.3,lux_app_estimate,app=Light Meter LM-3000; source=LED Room Light; rep=8
129,2026-05-31 16:54:09,iphone 17,light_physical_sanity,3.0,P3,blocked,10.7,lux_app_estimate,app=Light Meter LM-3000; source=LED Room Light; rep=9
130,2026-05-31 16:54:19,iphone 17,light_physical_sanity,3.0,P3,blocked,13.0,lux_app_estimate,app=Light Meter LM-3000; source=LED Room Light; rep=10
131,2026-05-31 16:54:24,iphone 17,light_physical_sanity,4.0,P4,blocked,8.0,lux_app_estimate,app=Light Meter LM-3000; source=LED Room Light; rep=1
132,2026-05-31 16:54:25,iphone 17,light_physical_sanity,4.0,P4,blocked,9.0,lux_app_estimate,app=Light Meter LM-3000; source=LED Room Light; rep=2
133,2026-05-31 16:54:27,iphone 17,light_physical_sanity,4.0,P4,blocked,6.0,lux_app_estimate,app=Light Meter LM-3000; source=LED Room Light; rep=3
134,2026-05-31 16:54:30,iphone 17,light_physical_sanity,4.0,P4,blocked,9.63,lux_app_estimate,app=Light Meter LM-3000; source=LED Room Light; rep=4
135,2026-05-31 16:54:32,iphone 17,light_physical_sanity,4.0,P4,blocked,10.0,lux_app_estimate,app=Light Meter LM-3000; source=LED Room Light; rep=5
136,2026-05-31 16:54:43,iphone 17,light_physical_sanity,4.0,P4,blocked,10.3,lux_app_estimate,app=Light Meter LM-3000; source=LED Room Light; rep=6
137,2026-05-31 16:54:45,iphone 17,light_physical_sanity,4.0,P4,blocked,12.0,lux_app_estimate,app=Light Meter LM-3000; source=LED Room Light; rep=7
138,2026-05-31 16:54:46,iphone 17,light_physical_sanity,4.0,P4,blocked,8.0,lux_app_estimate,app=Light Meter LM-3000; source=LED Room Light; rep=8
139,2026-05-31 16:54:49,iphone 17,light_physical_sanity,4.0,P4,blocked,9.0,lux_app_estimate,app=Light Meter LM-3000; source=LED Room Light; rep=9
140,2026-05-31 16:54:52,iphone 17,light_physical_sanity,4.0,P4,blocked,7.0,lux_app_estimate,app=Light Meter LM-3000; source=LED Room Light; rep=10
141,2026-05-31 16:54:56,iphone 17,light_physical_sanity,5.0,P5,blocked,6.3,lux_app_estimate,app=Light Meter LM-3000; source=LED Room Light; rep=1
142,2026-05-31 16:54:59,iphone 17,light_physical_sanity,5.0,P5,blocked,6.24,lux_app_estimate,app=Light Meter LM-3000; source=LED Room Light; rep=2
143,2026-05-31 16:55:02,iphone 17,light_physical_sanity,5.0,P5,blocked,5.36,lux_app_estimate,app=Light Meter LM-3000; source=LED Room Light; rep=3
144,2026-05-31 16:55:05,iphone 17,light_physical_sanity,5.0,P5,blocked,5.98,lux_app_estimate,app=Light Meter LM-3000; source=LED Room Light; rep=4
145,2026-05-31 16:55:08,iphone 17,light_physical_sanity,5.0,P5,blocked,5.36,lux_app_estimate,app=Light Meter LM-3000; source=LED Room Light; rep=5
146,2026-05-31 16:55:15,iphone 17,light_physical_sanity,5.0,P5,blocked,6.23,lux_app_estimate,app=Light Meter LM-3000; source=LED Room Light; rep=6
147,2026-05-31 16:55:17,iphone 17,light_physical_sanity,5.0,P5,blocked,6.74,lux_app_estimate,app=Light Meter LM-3000; source=LED Room Light; rep=7
148,2026-05-31 16:55:20,iphone 17,light_physical_sanity,5.0,P5,blocked,5.21,lux_app_estimate,app=Light Meter LM-3000; source=LED Room Light; rep=8
149,2026-05-31 16:55:23,iphone 17,light_physical_sanity,5.0,P5,blocked,5.74,lux_app_estimate,app=Light Meter LM-3000; source=LED Room Light; rep=9
150,2026-05-31 16:55:25,iphone 17,light_physical_sanity,5.0,P5,blocked,5.0,lux_app_estimate,app=Light Meter LM-3000; source=LED Room Light; rep=10
151,2026-05-31 16:55:30,iphone 17,light_physical_sanity,6.0,P6,blocked,6.3,lux_app_estimate,app=Light Meter LM-3000; source=LED Room Light; rep=1
152,2026-05-31 16:55:31,iphone 17,light_physical_sanity,6.0,P6,blocked,4.0,lux_app_estimate,app=Light Meter LM-3000; source=LED Room Light; rep=2
153,2026-05-31 16:55:33,iphone 17,light_physical_sanity,6.0,P6,blocked,4.32,lux_app_estimate,app=Light Meter LM-3000; source=LED Room Light; rep=3
154,2026-05-31 16:55:34,iphone 17,light_physical_sanity,6.0,P6,blocked,3.0,lux_app_estimate,app=Light Meter LM-3000; source=LED Room Light; rep=4
155,2026-05-31 16:55:36,iphone 17,light_physical_sanity,6.0,P6,blocked,3.98,lux_app_estimate,app=Light Meter LM-3000; source=LED Room Light; rep=5
156,2026-05-31 16:55:40,iphone 17,light_physical_sanity,6.0,P6,blocked,4.67,lux_app_estimate,app=Light Meter LM-3000; source=LED Room Light; rep=6
157,2026-05-31 16:55:43,iphone 17,light_physical_sanity,6.0,P6,blocked,4.59,lux_app_estimate,app=Light Meter LM-3000; source=LED Room Light; rep=7
158,2026-05-31 16:55:44,iphone 17,light_physical_sanity,6.0,P6,blocked,6.0,lux_app_estimate,app=Light Meter LM-3000; source=LED Room Light; rep=8
159,2026-05-31 16:55:46,iphone 17,light_physical_sanity,6.0,P6,blocked,3.0,lux_app_estimate,app=Light Meter LM-3000; source=LED Room Light; rep=9
160,2026-05-31 16:55:50,iphone 17,light_physical_sanity,6.0,P6,blocked,6.8,lux_app_estimate,app=Light Meter LM-3000; source=LED Room Light; rep=10
161,2026-05-31 16:55:53,iphone 17,light_physical_sanity,7.0,P7,blocked,4.3,lux_app_estimate,app=Light Meter LM-3000; source=LED Room Light; rep=1
162,2026-05-31 16:55:55,iphone 17,light_physical_sanity,7.0,P7,blocked,4.6,lux_app_estimate,app=Light Meter LM-3000; source=LED Room Light; rep=2
163,2026-05-31 16:55:57,iphone 17,light_physical_sanity,7.0,P7,blocked,4.87,lux_app_estimate,app=Light Meter LM-3000; source=LED Room Light; rep=3
164,2026-05-31 16:55:59,iphone 17,light_physical_sanity,7.0,P7,blocked,6.3,lux_app_estimate,app=Light Meter LM-3000; source=LED Room Light; rep=4
165,2026-05-31 16:56:01,iphone 17,light_physical_sanity,7.0,P7,blocked,5.3,lux_app_estimate,app=Light Meter LM-3000; source=LED Room Light; rep=5
166,2026-05-31 16:56:02,iphone 17,light_physical_sanity,7.0,P7,blocked,5.0,lux_app_estimate,app=Light Meter LM-3000; source=LED Room Light; rep=6
167,2026-05-31 16:56:04,iphone 17,light_physical_sanity,7.0,P7,blocked,8.9,lux_app_estimate,app=Light Meter LM-3000; source=LED Room Light; rep=7
168,2026-05-31 16:56:05,iphone 17,light_physical_sanity,7.0,P7,blocked,6.2,lux_app_estimate,app=Light Meter LM-3000; source=LED Room Light; rep=8
169,2026-05-31 16:56:08,iphone 17,light_physical_sanity,7.0,P7,blocked,4.36,lux_app_estimate,app=Light Meter LM-3000; source=LED Room Light; rep=9
170,2026-05-31 16:56:11,iphone 17,light_physical_sanity,7.0,P7,blocked,4.0,lux_app_estimate,app=Light Meter LM-3000; source=LED Room Light; rep=10
171,2026-05-31 16:56:15,iphone 17,light_physical_sanity,8.0,P8,blocked,2.3,lux_app_estimate,app=Light Meter LM-3000; source=LED Room Light; rep=1
172,2026-05-31 16:56:23,iphone 17,light_physical_sanity,8.0,P8,blocked,3.8,lux_app_estimate,app=Light Meter LM-3000; source=LED Room Light; rep=2
173,2026-05-31 16:56:26,iphone 17,light_physical_sanity,8.0,P8,blocked,2.0,lux_app_estimate,app=Light Meter LM-3000; source=LED Room Light; rep=3
174,2026-05-31 16:56:28,iphone 17,light_physical_sanity,8.0,P8,blocked,1.36,lux_app_estimate,app=Light Meter LM-3000; source=LED Room Light; rep=4
175,2026-05-31 16:56:31,iphone 17,light_physical_sanity,8.0,P8,blocked,1.365,lux_app_estimate,app=Light Meter LM-3000; source=LED Room Light; rep=5
176,2026-05-31 16:56:34,iphone 17,light_physical_sanity,8.0,P8,blocked,2.0,lux_app_estimate,app=Light Meter LM-3000; source=LED Room Light; rep=6
177,2026-05-31 16:56:36,iphone 17,light_physical_sanity,8.0,P8,blocked,3.3,lux_app_estimate,app=Light Meter LM-3000; source=LED Room Light; rep=7
178,2026-05-31 16:56:37,iphone 17,light_physical_sanity,8.0,P8,blocked,3.0,lux_app_estimate,app=Light Meter LM-3000; source=LED Room Light; rep=8
179,2026-05-31 16:56:40,iphone 17,light_physical_sanity,8.0,P8,blocked,3.5,lux_app_estimate,app=Light Meter LM-3000; source=LED Room Light; rep=9
180,2026-05-31 16:56:43,iphone 17,light_physical_sanity,8.0,P8,blocked,2.9,lux_app_estimate,app=Light Meter LM-3000; source=LED Room Light; rep=10
181,2026-05-31 16:56:46,iphone 17,light_physical_sanity,9.0,P9,blocked,1.6,lux_app_estimate,app=Light Meter LM-3000; source=LED Room Light; rep=1
182,2026-05-31 16:56:48,iphone 17,light_physical_sanity,9.0,P9,blocked,1.7,lux_app_estimate,app=Light Meter LM-3000; source=LED Room Light; rep=2
183,2026-05-31 16:56:50,iphone 17,light_physical_sanity,9.0,P9,blocked,1.9,lux_app_estimate,app=Light Meter LM-3000; source=LED Room Light; rep=3
184,2026-05-31 16:56:52,iphone 17,light_physical_sanity,9.0,P9,blocked,1.5,lux_app_estimate,app=Light Meter LM-3000; source=LED Room Light; rep=4
185,2026-05-31 16:56:55,iphone 17,light_physical_sanity,9.0,P9,blocked,2.3,lux_app_estimate,app=Light Meter LM-3000; source=LED Room Light; rep=5
186,2026-05-31 16:56:56,iphone 17,light_physical_sanity,9.0,P9,blocked,1.7,lux_app_estimate,app=Light Meter LM-3000; source=LED Room Light; rep=6
187,2026-05-31 16:56:58,iphone 17,light_physical_sanity,9.0,P9,blocked,1.4,lux_app_estimate,app=Light Meter LM-3000; source=LED Room Light; rep=7
188,2026-05-31 16:57:00,iphone 17,light_physical_sanity,9.0,P9,blocked,1.6,lux_app_estimate,app=Light Meter LM-3000; source=LED Room Light; rep=8
189,2026-05-31 16:57:02,iphone 17,light_physical_sanity,9.0,P9,blocked,1.6,lux_app_estimate,app=Light Meter LM-3000; source=LED Room Light; rep=9
190,2026-05-31 16:57:04,iphone 17,light_physical_sanity,9.0,P9,blocked,1.5,lux_app_estimate,app=Light Meter LM-3000; source=LED Room Light; rep=10
191,2026-05-31 16:57:08,iphone 17,light_physical_sanity,10.0,P10,blocked,0.56,lux_app_estimate,app=Light Meter LM-3000; source=LED Room Light; rep=1
192,2026-05-31 16:57:10,iphone 17,light_physical_sanity,10.0,P10,blocked,0.69,lux_app_estimate,app=Light Meter LM-3000; source=LED Room Light; rep=2
193,2026-05-31 16:57:17,iphone 17,light_physical_sanity,10.0,P10,blocked,0.89,lux_app_estimate,app=Light Meter LM-3000; source=LED Room Light; rep=3
194,2026-05-31 16:57:20,iphone 17,light_physical_sanity,10.0,P10,blocked,1.3,lux_app_estimate,app=Light Meter LM-3000; source=LED Room Light; rep=4
195,2026-05-31 16:57:23,iphone 17,light_physical_sanity,10.0,P10,blocked,1.01,lux_app_estimate,app=Light Meter LM-3000; source=LED Room Light; rep=5
196,2026-05-31 16:57:27,iphone 17,light_physical_sanity,10.0,P10,blocked,1.07,lux_app_estimate,app=Light Meter LM-3000; source=LED Room Light; rep=6
197,2026-05-31 16:57:33,iphone 17,light_physical_sanity,10.0,P10,blocked,0.69,lux_app_estimate,app=Light Meter LM-3000; source=LED Room Light; rep=7
198,2026-05-31 16:57:37,iphone 17,light_physical_sanity,10.0,P10,blocked,0.63,lux_app_estimate,app=Light Meter LM-3000; source=LED Room Light; rep=8
199,2026-05-31 16:57:40,iphone 17,light_physical_sanity,10.0,P10,blocked,0.28,lux_app_estimate,app=Light Meter LM-3000; source=LED Room Light; rep=9
200,2026-05-31 16:57:42,iphone 17,light_physical_sanity,10.0,P10,blocked,0.99,lux_app_estimate,app=Light Meter LM-3000; source=LED Room Light; rep=10
