sample_id,timestamp,device,scenario,distance_m,position_id,blockage,rssi_dbm,notes
1,2026-05-31 15:33:31,iphone 17,wifi_physical_sanity,1.0,P1,normal,-36.0,ssid=TP_Link_Router; rep=1
2,2026-05-31 15:33:40,iphone 17,wifi_physical_sanity,1.0,P1,normal,-36.0,ssid=TP_Link_Router; rep=2
3,2026-05-31 15:34:05,iphone 17,wifi_physical_sanity,1.0,P1,normal,-22.0,ssid=TP_Link_Router; rep=3
4,2026-05-31 15:34:08,iphone 17,wifi_physical_sanity,1.0,P1,normal,-25.0,ssid=TP_Link_Router; rep=4
5,2026-05-31 15:34:11,iphone 17,wifi_physical_sanity,1.0,P1,normal,-37.0,ssid=TP_Link_Router; rep=5
6,2026-05-31 15:34:13,iphone 17,wifi_physical_sanity,1.0,P1,normal,-25.0,ssid=TP_Link_Router; rep=6
7,2026-05-31 15:34:15,iphone 17,wifi_physical_sanity,1.0,P1,normal,-24.0,ssid=TP_Link_Router; rep=7
8,2026-05-31 15:34:17,iphone 17,wifi_physical_sanity,1.0,P1,normal,-32.0,ssid=TP_Link_Router; rep=8
9,2026-05-31 15:34:20,iphone 17,wifi_physical_sanity,1.0,P1,normal,-23.0,ssid=TP_Link_Router; rep=9
10,2026-05-31 15:34:24,iphone 17,wifi_physical_sanity,1.0,P1,normal,-31.0,ssid=TP_Link_Router; rep=10
11,2026-05-31 15:34:53,iphone 17,wifi_physical_sanity,2.0,P2,normal,-24.0,ssid=TP_Link_Router; rep=1
12,2026-05-31 15:34:59,iphone 17,wifi_physical_sanity,2.0,P2,normal,-24.0,ssid=TP_Link_Router; rep=2
13,2026-05-31 15:35:03,iphone 17,wifi_physical_sanity,2.0,P2,normal,-25.0,ssid=TP_Link_Router; rep=3
14,2026-05-31 15:35:05,iphone 17,wifi_physical_sanity,2.0,P2,normal,-26.0,ssid=TP_Link_Router; rep=4
15,2026-05-31 15:35:08,iphone 17,wifi_physical_sanity,2.0,P2,normal,-31.0,ssid=TP_Link_Router; rep=5
16,2026-05-31 15:35:10,iphone 17,wifi_physical_sanity,2.0,P2,normal,-25.0,ssid=TP_Link_Router; rep=6
17,2026-05-31 15:35:12,iphone 17,wifi_physical_sanity,2.0,P2,normal,-31.0,ssid=TP_Link_Router; rep=7
18,2026-05-31 15:35:16,iphone 17,wifi_physical_sanity,2.0,P2,normal,-25.0,ssid=TP_Link_Router; rep=8
19,2026-05-31 15:35:20,iphone 17,wifi_physical_sanity,2.0,P2,normal,-25.0,ssid=TP_Link_Router; rep=9
20,2026-05-31 15:35:22,iphone 17,wifi_physical_sanity,2.0,P2,normal,-31.0,ssid=TP_Link_Router; rep=10
21,2026-05-31 15:35:55,iphone 17,wifi_physical_sanity,3.0,P3,normal,-31.0,ssid=TP_Link_Router; rep=1
22,2026-05-31 15:35:57,iphone 17,wifi_physical_sanity,3.0,P3,normal,-27.0,ssid=TP_Link_Router; rep=2
23,2026-05-31 15:36:00,iphone 17,wifi_physical_sanity,3.0,P3,normal,-25.0,ssid=TP_Link_Router; rep=3
24,2026-05-31 15:36:04,iphone 17,wifi_physical_sanity,3.0,P3,normal,-34.0,ssid=TP_Link_Router; rep=4
25,2026-05-31 15:36:07,iphone 17,wifi_physical_sanity,3.0,P3,normal,-36.0,ssid=TP_Link_Router; rep=5
26,2026-05-31 15:36:10,iphone 17,wifi_physical_sanity,3.0,P3,normal,-26.0,ssid=TP_Link_Router; rep=6
27,2026-05-31 15:36:15,iphone 17,wifi_physical_sanity,3.0,P3,normal,-36.0,ssid=TP_Link_Router; rep=7
28,2026-05-31 15:36:18,iphone 17,wifi_physical_sanity,3.0,P3,normal,-36.0,ssid=TP_Link_Router; rep=8
29,2026-05-31 15:36:20,iphone 17,wifi_physical_sanity,3.0,P3,normal,-26.0,ssid=TP_Link_Router; rep=9
30,2026-05-31 15:36:22,iphone 17,wifi_physical_sanity,3.0,P3,normal,-35.0,ssid=TP_Link_Router; rep=10
31,2026-05-31 15:36:30,iphone 17,wifi_physical_sanity,4.0,P4,normal,-33.0,ssid=TP_Link_Router; rep=1
32,2026-05-31 15:36:37,iphone 17,wifi_physical_sanity,4.0,P4,normal,-33.0,ssid=TP_Link_Router; rep=2
33,2026-05-31 15:37:04,iphone 17,wifi_physical_sanity,4.0,P4,normal,-34.0,ssid=TP_Link_Router; rep=3
34,2026-05-31 15:37:08,iphone 17,wifi_physical_sanity,4.0,P4,normal,-38.0,ssid=TP_Link_Router; rep=4
35,2026-05-31 15:37:11,iphone 17,wifi_physical_sanity,4.0,P4,normal,-32.0,ssid=TP_Link_Router; rep=5
36,2026-05-31 15:37:14,iphone 17,wifi_physical_sanity,4.0,P4,normal,-31.0,ssid=TP_Link_Router; rep=6
37,2026-05-31 15:37:17,iphone 17,wifi_physical_sanity,4.0,P4,normal,-39.0,ssid=TP_Link_Router; rep=7
38,2026-05-31 15:37:22,iphone 17,wifi_physical_sanity,4.0,P4,normal,-30.0,ssid=TP_Link_Router; rep=8
39,2026-05-31 15:37:24,iphone 17,wifi_physical_sanity,4.0,P4,normal,-43.0,ssid=TP_Link_Router; rep=9
40,2026-05-31 15:37:29,iphone 17,wifi_physical_sanity,4.0,P4,normal,-38.0,ssid=TP_Link_Router; rep=10
41,2026-05-31 15:37:52,iphone 17,wifi_physical_sanity,5.0,P5,normal,-33.0,ssid=TP_Link_Router; rep=1
42,2026-05-31 15:37:55,iphone 17,wifi_physical_sanity,5.0,P5,normal,-37.0,ssid=TP_Link_Router; rep=2
43,2026-05-31 15:37:58,iphone 17,wifi_physical_sanity,5.0,P5,normal,-31.0,ssid=TP_Link_Router; rep=3
44,2026-05-31 15:38:00,iphone 17,wifi_physical_sanity,5.0,P5,normal,-34.0,ssid=TP_Link_Router; rep=4
45,2026-05-31 15:38:03,iphone 17,wifi_physical_sanity,5.0,P5,normal,-31.0,ssid=TP_Link_Router; rep=5
46,2026-05-31 15:38:05,iphone 17,wifi_physical_sanity,5.0,P5,normal,-35.0,ssid=TP_Link_Router; rep=6
47,2026-05-31 15:38:10,iphone 17,wifi_physical_sanity,5.0,P5,normal,-32.0,ssid=TP_Link_Router; rep=7
48,2026-05-31 15:38:13,iphone 17,wifi_physical_sanity,5.0,P5,normal,-33.0,ssid=TP_Link_Router; rep=8
49,2026-05-31 15:38:20,iphone 17,wifi_physical_sanity,5.0,P5,normal,-35.0,ssid=TP_Link_Router; rep=9
50,2026-05-31 15:38:31,iphone 17,wifi_physical_sanity,5.0,P5,normal,-41.0,ssid=TP_Link_Router; rep=10
51,2026-05-31 15:39:06,iphone 17,wifi_physical_sanity,6.0,P6,normal,-38.0,ssid=TP_Link_Router; rep=1
52,2026-05-31 15:39:09,iphone 17,wifi_physical_sanity,6.0,P6,normal,-32.0,ssid=TP_Link_Router; rep=2
53,2026-05-31 15:39:12,iphone 17,wifi_physical_sanity,6.0,P6,normal,-33.0,ssid=TP_Link_Router; rep=3
54,2026-05-31 15:39:17,iphone 17,wifi_physical_sanity,6.0,P6,normal,-36.0,ssid=TP_Link_Router; rep=4
55,2026-05-31 15:39:20,iphone 17,wifi_physical_sanity,6.0,P6,normal,-39.0,ssid=TP_Link_Router; rep=5
56,2026-05-31 15:39:23,iphone 17,wifi_physical_sanity,6.0,P6,normal,-44.0,ssid=TP_Link_Router; rep=6
57,2026-05-31 15:39:26,iphone 17,wifi_physical_sanity,6.0,P6,normal,-50.0,ssid=TP_Link_Router; rep=7
58,2026-05-31 15:39:29,iphone 17,wifi_physical_sanity,6.0,P6,normal,-35.0,ssid=TP_Link_Router; rep=8
59,2026-05-31 15:39:31,iphone 17,wifi_physical_sanity,6.0,P6,normal,-44.0,ssid=TP_Link_Router; rep=9
60,2026-05-31 15:39:35,iphone 17,wifi_physical_sanity,6.0,P6,normal,-32.0,ssid=TP_Link_Router; rep=10
61,2026-05-31 15:40:13,iphone 17,wifi_physical_sanity,7.0,P7,normal,-36.0,ssid=TP_Link_Router; rep=1
62,2026-05-31 15:40:15,iphone 17,wifi_physical_sanity,7.0,P7,normal,-44.0,ssid=TP_Link_Router; rep=2
63,2026-05-31 15:40:17,iphone 17,wifi_physical_sanity,7.0,P7,normal,-41.0,ssid=TP_Link_Router; rep=3
64,2026-05-31 15:40:20,iphone 17,wifi_physical_sanity,7.0,P7,normal,-40.0,ssid=TP_Link_Router; rep=4
65,2026-05-31 15:40:22,iphone 17,wifi_physical_sanity,7.0,P7,normal,-45.0,ssid=TP_Link_Router; rep=5
66,2026-05-31 15:40:24,iphone 17,wifi_physical_sanity,7.0,P7,normal,-44.0,ssid=TP_Link_Router; rep=6
67,2026-05-31 15:40:27,iphone 17,wifi_physical_sanity,7.0,P7,normal,-41.0,ssid=TP_Link_Router; rep=7
68,2026-05-31 15:40:30,iphone 17,wifi_physical_sanity,7.0,P7,normal,-47.0,ssid=TP_Link_Router; rep=8
69,2026-05-31 15:40:33,iphone 17,wifi_physical_sanity,7.0,P7,normal,-44.0,ssid=TP_Link_Router; rep=9
70,2026-05-31 15:40:35,iphone 17,wifi_physical_sanity,7.0,P7,normal,-45.0,ssid=TP_Link_Router; rep=10
71,2026-05-31 15:41:03,iphone 17,wifi_physical_sanity,8.0,P8,normal,-47.0,ssid=TP_Link_Router; rep=1
72,2026-05-31 15:41:07,iphone 17,wifi_physical_sanity,8.0,P8,normal,-36.0,ssid=TP_Link_Router; rep=2
73,2026-05-31 15:41:10,iphone 17,wifi_physical_sanity,8.0,P8,normal,-43.0,ssid=TP_Link_Router; rep=3
74,2026-05-31 15:41:14,iphone 17,wifi_physical_sanity,8.0,P8,normal,-37.0,ssid=TP_Link_Router; rep=4
75,2026-05-31 15:41:22,iphone 17,wifi_physical_sanity,8.0,P8,normal,-37.0,ssid=TP_Link_Router; rep=5
76,2026-05-31 15:41:25,iphone 17,wifi_physical_sanity,8.0,P8,normal,-44.0,ssid=TP_Link_Router; rep=6
77,2026-05-31 15:41:30,iphone 17,wifi_physical_sanity,8.0,P8,normal,-49.0,ssid=TP_Link_Router; rep=7
78,2026-05-31 15:41:34,iphone 17,wifi_physical_sanity,8.0,P8,normal,-46.0,ssid=TP_Link_Router; rep=8
79,2026-05-31 15:41:40,iphone 17,wifi_physical_sanity,8.0,P8,normal,-46.0,ssid=TP_Link_Router; rep=9
80,2026-05-31 15:41:50,iphone 17,wifi_physical_sanity,8.0,P8,normal,-37.0,ssid=TP_Link_Router; rep=10
81,2026-05-31 15:42:11,iphone 17,wifi_physical_sanity,9.0,P9,normal,-55.0,ssid=TP_Link_Router; rep=1
82,2026-05-31 15:42:21,iphone 17,wifi_physical_sanity,9.0,P9,normal,-40.0,ssid=TP_Link_Router; rep=2
83,2026-05-31 15:42:23,iphone 17,wifi_physical_sanity,9.0,P9,normal,-48.0,ssid=TP_Link_Router; rep=3
84,2026-05-31 15:42:26,iphone 17,wifi_physical_sanity,9.0,P9,normal,-51.0,ssid=TP_Link_Router; rep=4
85,2026-05-31 15:42:28,iphone 17,wifi_physical_sanity,9.0,P9,normal,-54.0,ssid=TP_Link_Router; rep=5
86,2026-05-31 15:42:30,iphone 17,wifi_physical_sanity,9.0,P9,normal,-47.0,ssid=TP_Link_Router; rep=6
87,2026-05-31 15:42:34,iphone 17,wifi_physical_sanity,9.0,P9,normal,-47.0,ssid=TP_Link_Router; rep=7
88,2026-05-31 15:42:38,iphone 17,wifi_physical_sanity,9.0,P9,normal,-42.0,ssid=TP_Link_Router; rep=8
89,2026-05-31 15:42:41,iphone 17,wifi_physical_sanity,9.0,P9,normal,-48.0,ssid=TP_Link_Router; rep=9
90,2026-05-31 15:42:44,iphone 17,wifi_physical_sanity,9.0,P9,normal,-50.0,ssid=TP_Link_Router; rep=10
91,2026-05-31 15:43:14,iphone 17,wifi_physical_sanity,10.0,P10,normal,-46.0,ssid=TP_Link_Router; rep=1
92,2026-05-31 15:43:18,iphone 17,wifi_physical_sanity,10.0,P10,normal,-46.0,ssid=TP_Link_Router; rep=2
93,2026-05-31 15:43:20,iphone 17,wifi_physical_sanity,10.0,P10,normal,-50.0,ssid=TP_Link_Router; rep=3
94,2026-05-31 15:43:22,iphone 17,wifi_physical_sanity,10.0,P10,normal,-51.0,ssid=TP_Link_Router; rep=4
95,2026-05-31 15:43:24,iphone 17,wifi_physical_sanity,10.0,P10,normal,-50.0,ssid=TP_Link_Router; rep=5
96,2026-05-31 15:43:26,iphone 17,wifi_physical_sanity,10.0,P10,normal,-52.0,ssid=TP_Link_Router; rep=6
97,2026-05-31 15:43:29,iphone 17,wifi_physical_sanity,10.0,P10,normal,-52.0,ssid=TP_Link_Router; rep=7
98,2026-05-31 15:43:31,iphone 17,wifi_physical_sanity,10.0,P10,normal,-46.0,ssid=TP_Link_Router; rep=8
99,2026-05-31 15:43:33,iphone 17,wifi_physical_sanity,10.0,P10,normal,-47.0,ssid=TP_Link_Router; rep=9
100,2026-05-31 15:43:37,iphone 17,wifi_physical_sanity,10.0,P10,normal,-51.0,ssid=TP_Link_Router; rep=10
101,2026-05-31 15:45:00,iphone 17,wifi_physical_sanity,1.0,P1,blocked,-50.0,ssid=TP_Link_Router; rep=1
102,2026-05-31 15:45:02,iphone 17,wifi_physical_sanity,1.0,P1,blocked,-60.0,ssid=TP_Link_Router; rep=2
103,2026-05-31 15:45:03,iphone 17,wifi_physical_sanity,1.0,P1,blocked,-55.0,ssid=TP_Link_Router; rep=3
104,2026-05-31 15:45:05,iphone 17,wifi_physical_sanity,1.0,P1,blocked,-48.0,ssid=TP_Link_Router; rep=4
105,2026-05-31 15:45:07,iphone 17,wifi_physical_sanity,1.0,P1,blocked,-47.0,ssid=TP_Link_Router; rep=5
106,2026-05-31 15:45:09,iphone 17,wifi_physical_sanity,1.0,P1,blocked,-46.0,ssid=TP_Link_Router; rep=6
107,2026-05-31 15:45:11,iphone 17,wifi_physical_sanity,1.0,P1,blocked,-47.0,ssid=TP_Link_Router; rep=7
108,2026-05-31 15:45:15,iphone 17,wifi_physical_sanity,1.0,P1,blocked,-47.0,ssid=TP_Link_Router; rep=8
109,2026-05-31 15:45:17,iphone 17,wifi_physical_sanity,1.0,P1,blocked,-50.0,ssid=TP_Link_Router; rep=9
110,2026-05-31 15:45:20,iphone 17,wifi_physical_sanity,1.0,P1,blocked,-58.0,ssid=TP_Link_Router; rep=10
111,2026-05-31 15:45:43,iphone 17,wifi_physical_sanity,2.0,P2,blocked,-42.0,ssid=TP_Link_Router; rep=1
112,2026-05-31 15:45:45,iphone 17,wifi_physical_sanity,2.0,P2,blocked,-39.0,ssid=TP_Link_Router; rep=2
113,2026-05-31 15:45:48,iphone 17,wifi_physical_sanity,2.0,P2,blocked,-41.0,ssid=TP_Link_Router; rep=3
114,2026-05-31 15:45:52,iphone 17,wifi_physical_sanity,2.0,P2,blocked,-39.0,ssid=TP_Link_Router; rep=4
115,2026-05-31 15:45:57,iphone 17,wifi_physical_sanity,2.0,P2,blocked,-39.0,ssid=TP_Link_Router; rep=5
116,2026-05-31 15:45:59,iphone 17,wifi_physical_sanity,2.0,P2,blocked,-37.0,ssid=TP_Link_Router; rep=6
117,2026-05-31 15:46:05,iphone 17,wifi_physical_sanity,2.0,P2,blocked,-39.0,ssid=TP_Link_Router; rep=7
118,2026-05-31 15:46:07,iphone 17,wifi_physical_sanity,2.0,P2,blocked,-50.0,ssid=TP_Link_Router; rep=8
119,2026-05-31 15:46:09,iphone 17,wifi_physical_sanity,2.0,P2,blocked,-42.0,ssid=TP_Link_Router; rep=9
120,2026-05-31 15:46:12,iphone 17,wifi_physical_sanity,2.0,P2,blocked,-45.0,ssid=TP_Link_Router; rep=10
121,2026-05-31 15:46:35,iphone 17,wifi_physical_sanity,3.0,P3,blocked,-50.0,ssid=TP_Link_Router; rep=1
122,2026-05-31 15:46:36,iphone 17,wifi_physical_sanity,3.0,P3,blocked,-40.0,ssid=TP_Link_Router; rep=2
123,2026-05-31 15:46:38,iphone 17,wifi_physical_sanity,3.0,P3,blocked,-48.0,ssid=TP_Link_Router; rep=3
124,2026-05-31 15:46:40,iphone 17,wifi_physical_sanity,3.0,P3,blocked,-42.0,ssid=TP_Link_Router; rep=4
125,2026-05-31 15:46:43,iphone 17,wifi_physical_sanity,3.0,P3,blocked,-40.0,ssid=TP_Link_Router; rep=5
126,2026-05-31 15:46:47,iphone 17,wifi_physical_sanity,3.0,P3,blocked,-40.0,ssid=TP_Link_Router; rep=6
127,2026-05-31 15:46:48,iphone 17,wifi_physical_sanity,3.0,P3,blocked,-48.0,ssid=TP_Link_Router; rep=7
128,2026-05-31 15:46:52,iphone 17,wifi_physical_sanity,3.0,P3,blocked,-48.0,ssid=TP_Link_Router; rep=8
129,2026-05-31 15:46:54,iphone 17,wifi_physical_sanity,3.0,P3,blocked,-44.0,ssid=TP_Link_Router; rep=9
130,2026-05-31 15:46:58,iphone 17,wifi_physical_sanity,3.0,P3,blocked,-43.0,ssid=TP_Link_Router; rep=10
131,2026-05-31 15:47:13,iphone 17,wifi_physical_sanity,4.0,P4,blocked,-43.0,ssid=TP_Link_Router; rep=1
132,2026-05-31 15:47:17,iphone 17,wifi_physical_sanity,4.0,P4,blocked,-43.0,ssid=TP_Link_Router; rep=2
133,2026-05-31 15:47:28,iphone 17,wifi_physical_sanity,4.0,P4,blocked,-54.0,ssid=TP_Link_Router; rep=3
134,2026-05-31 15:47:30,iphone 17,wifi_physical_sanity,4.0,P4,blocked,-50.0,ssid=TP_Link_Router; rep=4
135,2026-05-31 15:47:33,iphone 17,wifi_physical_sanity,4.0,P4,blocked,-49.0,ssid=TP_Link_Router; rep=5
136,2026-05-31 15:47:36,iphone 17,wifi_physical_sanity,4.0,P4,blocked,-49.0,ssid=TP_Link_Router; rep=6
137,2026-05-31 15:47:40,iphone 17,wifi_physical_sanity,4.0,P4,blocked,-61.0,ssid=TP_Link_Router; rep=7
138,2026-05-31 15:47:41,iphone 17,wifi_physical_sanity,4.0,P4,blocked,-50.0,ssid=TP_Link_Router; rep=8
139,2026-05-31 15:47:43,iphone 17,wifi_physical_sanity,4.0,P4,blocked,-62.0,ssid=TP_Link_Router; rep=9
140,2026-05-31 15:47:46,iphone 17,wifi_physical_sanity,4.0,P4,blocked,-48.0,ssid=TP_Link_Router; rep=10
141,2026-05-31 15:48:08,iphone 17,wifi_physical_sanity,5.0,P5,blocked,-52.0,ssid=TP_Link_Router; rep=1
142,2026-05-31 15:48:11,iphone 17,wifi_physical_sanity,5.0,P5,blocked,-41.0,ssid=TP_Link_Router; rep=2
143,2026-05-31 15:48:16,iphone 17,wifi_physical_sanity,5.0,P5,blocked,-37.0,ssid=TP_Link_Router; rep=3
144,2026-05-31 15:48:18,iphone 17,wifi_physical_sanity,5.0,P5,blocked,-50.0,ssid=TP_Link_Router; rep=4
145,2026-05-31 15:48:20,iphone 17,wifi_physical_sanity,5.0,P5,blocked,-37.0,ssid=TP_Link_Router; rep=5
146,2026-05-31 15:48:24,iphone 17,wifi_physical_sanity,5.0,P5,blocked,-53.0,ssid=TP_Link_Router; rep=6
147,2026-05-31 15:48:29,iphone 17,wifi_physical_sanity,5.0,P5,blocked,-57.0,ssid=TP_Link_Router; rep=7
148,2026-05-31 15:48:34,iphone 17,wifi_physical_sanity,5.0,P5,blocked,-52.0,ssid=TP_Link_Router; rep=8
149,2026-05-31 15:48:38,iphone 17,wifi_physical_sanity,5.0,P5,blocked,-42.0,ssid=TP_Link_Router; rep=9
150,2026-05-31 15:48:43,iphone 17,wifi_physical_sanity,5.0,P5,blocked,-57.0,ssid=TP_Link_Router; rep=10
151,2026-05-31 15:49:10,iphone 17,wifi_physical_sanity,6.0,P6,blocked,-49.0,ssid=TP_Link_Router; rep=1
152,2026-05-31 15:49:13,iphone 17,wifi_physical_sanity,6.0,P6,blocked,-46.0,ssid=TP_Link_Router; rep=2
153,2026-05-31 15:49:15,iphone 17,wifi_physical_sanity,6.0,P6,blocked,-52.0,ssid=TP_Link_Router; rep=3
154,2026-05-31 15:49:19,iphone 17,wifi_physical_sanity,6.0,P6,blocked,-50.0,ssid=TP_Link_Router; rep=4
155,2026-05-31 15:49:20,iphone 17,wifi_physical_sanity,6.0,P6,blocked,-49.0,ssid=TP_Link_Router; rep=5
156,2026-05-31 15:49:23,iphone 17,wifi_physical_sanity,6.0,P6,blocked,-44.0,ssid=TP_Link_Router; rep=6
157,2026-05-31 15:49:26,iphone 17,wifi_physical_sanity,6.0,P6,blocked,-40.0,ssid=TP_Link_Router; rep=7
158,2026-05-31 15:49:28,iphone 17,wifi_physical_sanity,6.0,P6,blocked,-45.0,ssid=TP_Link_Router; rep=8
159,2026-05-31 15:49:32,iphone 17,wifi_physical_sanity,6.0,P6,blocked,-54.0,ssid=TP_Link_Router; rep=9
160,2026-05-31 15:49:43,iphone 17,wifi_physical_sanity,6.0,P6,blocked,-53.0,ssid=TP_Link_Router; rep=10
161,2026-05-31 15:50:21,iphone 17,wifi_physical_sanity,7.0,P7,blocked,-66.0,ssid=TP_Link_Router; rep=1
162,2026-05-31 15:50:24,iphone 17,wifi_physical_sanity,7.0,P7,blocked,-59.0,ssid=TP_Link_Router; rep=2
163,2026-05-31 15:50:27,iphone 17,wifi_physical_sanity,7.0,P7,blocked,-66.0,ssid=TP_Link_Router; rep=3
164,2026-05-31 15:50:29,iphone 17,wifi_physical_sanity,7.0,P7,blocked,-57.0,ssid=TP_Link_Router; rep=4
165,2026-05-31 15:50:31,iphone 17,wifi_physical_sanity,7.0,P7,blocked,-59.0,ssid=TP_Link_Router; rep=5
166,2026-05-31 15:50:34,iphone 17,wifi_physical_sanity,7.0,P7,blocked,-66.0,ssid=TP_Link_Router; rep=6
167,2026-05-31 15:50:36,iphone 17,wifi_physical_sanity,7.0,P7,blocked,-57.0,ssid=TP_Link_Router; rep=7
168,2026-05-31 15:50:40,iphone 17,wifi_physical_sanity,7.0,P7,blocked,-70.0,ssid=TP_Link_Router; rep=8
169,2026-05-31 15:50:43,iphone 17,wifi_physical_sanity,7.0,P7,blocked,-57.0,ssid=TP_Link_Router; rep=9
170,2026-05-31 15:50:48,iphone 17,wifi_physical_sanity,7.0,P7,blocked,-54.0,ssid=TP_Link_Router; rep=10
171,2026-05-31 15:51:13,iphone 17,wifi_physical_sanity,8.0,P8,blocked,-56.0,ssid=TP_Link_Router; rep=1
172,2026-05-31 15:51:15,iphone 17,wifi_physical_sanity,8.0,P8,blocked,-58.0,ssid=TP_Link_Router; rep=2
173,2026-05-31 15:51:17,iphone 17,wifi_physical_sanity,8.0,P8,blocked,-62.0,ssid=TP_Link_Router; rep=3
174,2026-05-31 15:51:21,iphone 17,wifi_physical_sanity,8.0,P8,blocked,-67.0,ssid=TP_Link_Router; rep=4
175,2026-05-31 15:51:24,iphone 17,wifi_physical_sanity,8.0,P8,blocked,-55.0,ssid=TP_Link_Router; rep=5
176,2026-05-31 15:51:26,iphone 17,wifi_physical_sanity,8.0,P8,blocked,-60.0,ssid=TP_Link_Router; rep=6
177,2026-05-31 15:51:30,iphone 17,wifi_physical_sanity,8.0,P8,blocked,-55.0,ssid=TP_Link_Router; rep=7
178,2026-05-31 15:51:32,iphone 17,wifi_physical_sanity,8.0,P8,blocked,-62.0,ssid=TP_Link_Router; rep=8
179,2026-05-31 15:51:35,iphone 17,wifi_physical_sanity,8.0,P8,blocked,-66.0,ssid=TP_Link_Router; rep=9
180,2026-05-31 15:51:41,iphone 17,wifi_physical_sanity,8.0,P8,blocked,-62.0,ssid=TP_Link_Router; rep=10
181,2026-05-31 15:52:18,iphone 17,wifi_physical_sanity,9.0,P9,blocked,-52.0,ssid=TP_Link_Router; rep=1
182,2026-05-31 15:52:23,iphone 17,wifi_physical_sanity,9.0,P9,blocked,-53.0,ssid=TP_Link_Router; rep=2
183,2026-05-31 15:52:26,iphone 17,wifi_physical_sanity,9.0,P9,blocked,-54.0,ssid=TP_Link_Router; rep=3
184,2026-05-31 15:52:28,iphone 17,wifi_physical_sanity,9.0,P9,blocked,-61.0,ssid=TP_Link_Router; rep=4
185,2026-05-31 15:52:31,iphone 17,wifi_physical_sanity,9.0,P9,blocked,-58.0,ssid=TP_Link_Router; rep=5
186,2026-05-31 15:52:33,iphone 17,wifi_physical_sanity,9.0,P9,blocked,-55.0,ssid=TP_Link_Router; rep=6
187,2026-05-31 15:52:36,iphone 17,wifi_physical_sanity,9.0,P9,blocked,-53.0,ssid=TP_Link_Router; rep=7
188,2026-05-31 15:52:39,iphone 17,wifi_physical_sanity,9.0,P9,blocked,-58.0,ssid=TP_Link_Router; rep=8
189,2026-05-31 15:52:43,iphone 17,wifi_physical_sanity,9.0,P9,blocked,-50.0,ssid=TP_Link_Router; rep=9
190,2026-05-31 15:52:48,iphone 17,wifi_physical_sanity,9.0,P9,blocked,-60.0,ssid=TP_Link_Router; rep=10
191,2026-05-31 15:53:10,iphone 17,wifi_physical_sanity,10.0,P10,blocked,-68.0,ssid=TP_Link_Router; rep=1
192,2026-05-31 15:53:13,iphone 17,wifi_physical_sanity,10.0,P10,blocked,-59.0,ssid=TP_Link_Router; rep=2
193,2026-05-31 15:53:16,iphone 17,wifi_physical_sanity,10.0,P10,blocked,-57.0,ssid=TP_Link_Router; rep=3
194,2026-05-31 15:53:18,iphone 17,wifi_physical_sanity,10.0,P10,blocked,-73.0,ssid=TP_Link_Router; rep=4
195,2026-05-31 15:53:20,iphone 17,wifi_physical_sanity,10.0,P10,blocked,-68.0,ssid=TP_Link_Router; rep=5
196,2026-05-31 15:53:23,iphone 17,wifi_physical_sanity,10.0,P10,blocked,-75.0,ssid=TP_Link_Router; rep=6
197,2026-05-31 15:53:25,iphone 17,wifi_physical_sanity,10.0,P10,blocked,-62.0,ssid=TP_Link_Router; rep=7
198,2026-05-31 15:53:28,iphone 17,wifi_physical_sanity,10.0,P10,blocked,-64.0,ssid=TP_Link_Router; rep=8
199,2026-05-31 15:53:31,iphone 17,wifi_physical_sanity,10.0,P10,blocked,-73.0,ssid=TP_Link_Router; rep=9
200,2026-05-31 15:53:34,iphone 17,wifi_physical_sanity,10.0,P10,blocked,-63.0,ssid=TP_Link_Router; rep=10
